Workbook

Sheet Despre
A1: Timpul precesional uman și calendarul precesional uman
A2: Un sistem de timp și de dată construit numai pe ce poate observa orice om de pe Pământ, fără nicio doctrină.
A3: Ziua este o rotație completă a Pământului, de 360° și 36 de ore noi (1 oră nouă = 10°, 1 minut nou = 1°, 1 secundă nouă = 0,1°, 1 subsecundă = o secundă SI).
A4: Anul pornește de la solstițiul din decembrie. Soarele și Luna sunt calculate după poziția lor reală pe cer; calendarul are 13 luni × 28 de zile.
A5: Cea mai lentă mișcare, precesia echinocțiilor (25.772 de ani), împarte timpul în 12 ere precesionale (ER) cu ani ai erei (AE).
A6: Un singur ciclu cuprinde toată istoria cunoscută a omenirii, de la artele rupestre până în anul 2440, deci orice dată din trecut are un cod unic. După 2440 începe ciclul următor.
A7: Variante de precesie luate în calcul: (A) limite reale ale erelor, (B) ere egale cu ciclu reglat, (C) ere egale, modelul actual. S-a ales C, pentru simplitate.
A8: Foile: Timp 36h, Conversie, Fusuri noi (timpul); Timp complet, Ere, Luni noi, Evenimente (data); Calendar 13 luni, Calendar an, Calendar perete (calendarul); Nume sanscrită, Nume EN-FR, Cadrane.

Sheet Timp 36h
A1: Ora (0-35) | B1: Minutul (0-9) | C1: Secunda (0-9) | D1: Unghi de rotație (°) | E1: Echivalent timp standard | G1: Reguli folosite (date de utilizator)
A2: =INT((ROW()-2)/100) -> 0 | B2: =MOD(INT((ROW()-2)/10),10) -> 0 | C2: =MOD(ROW()-2,10) -> 0 | D2: =A2*10+B2+C2/10 -> 0 | E2: =ROUND((ROW()-2)*24,0)/86400 -> 0 | G2: 1 rotație completă = 360° = 36 de ore noi
A3: =INT((ROW()-2)/100) -> 0 | B3: =MOD(INT((ROW()-2)/10),10) -> 0 | C3: =MOD(ROW()-2,10) -> 1 | D3: =A3*10+B3+C3/10 -> 0.1 | E3: =ROUND((ROW()-2)*24,0)/86400 -> 0.00027777778 | G3: 1 oră nouă = 10° = 10 minute noi
A4: =INT((ROW()-2)/100) -> 0 | B4: =MOD(INT((ROW()-2)/10),10) -> 0 | C4: =MOD(ROW()-2,10) -> 2 | D4: =A4*10+B4+C4/10 -> 0.2 | E4: =ROUND((ROW()-2)*24,0)/86400 -> 0.00055555556 | G4: 1 minut nou = 1° = 10 secunde noi
A5: =INT((ROW()-2)/100) -> 0 | B5: =MOD(INT((ROW()-2)/10),10) -> 0 | C5: =MOD(ROW()-2,10) -> 3 | D5: =A5*10+B5+C5/10 -> 0.3 | E5: =ROUND((ROW()-2)*24,0)/86400 -> 0.00083333333 | G5: 1 secundă nouă = 0,1°
A6: =INT((ROW()-2)/100) -> 0 | B6: =MOD(INT((ROW()-2)/10),10) -> 0 | C6: =MOD(ROW()-2,10) -> 4 | D6: =A6*10+B6+C6/10 -> 0.4 | E6: =ROUND((ROW()-2)*24,0)/86400 -> 0.0011111111 | G6: Total: 36 × 10 × 10 = 3.600 secunde noi pe rotație (rândurile 2-3601)
A7: =INT((ROW()-2)/100) -> 0 | B7: =MOD(INT((ROW()-2)/10),10) -> 0 | C7: =MOD(ROW()-2,10) -> 5 | D7: =A7*10+B7+C7/10 -> 0.5 | E7: =ROUND((ROW()-2)*24,0)/86400 -> 0.0013888889
A8: =INT((ROW()-2)/100) -> 0 | B8: =MOD(INT((ROW()-2)/10),10) -> 0 | C8: =MOD(ROW()-2,10) -> 6 | D8: =A8*10+B8+C8/10 -> 0.6 | E8: =ROUND((ROW()-2)*24,0)/86400 -> 0.0016666667 | G8: Echivalențe (presupunere: o rotație = o zi standard de 24 h)
A9: =INT((ROW()-2)/100) -> 0 | B9: =MOD(INT((ROW()-2)/10),10) -> 0 | C9: =MOD(ROW()-2,10) -> 7 | D9: =A9*10+B9+C9/10 -> 0.7 | E9: =ROUND((ROW()-2)*24,0)/86400 -> 0.0019444444 | G9: 1 oră nouă = 40 minute standard
A10: =INT((ROW()-2)/100) -> 0 | B10: =MOD(INT((ROW()-2)/10),10) -> 0 | C10: =MOD(ROW()-2,10) -> 8 | D10: =A10*10+B10+C10/10 -> 0.8 | E10: =ROUND((ROW()-2)*24,0)/86400 -> 0.0022222222 | G10: 1 minut nou = 4 minute standard
A11: =INT((ROW()-2)/100) -> 0 | B11: =MOD(INT((ROW()-2)/10),10) -> 0 | C11: =MOD(ROW()-2,10) -> 9 | D11: =A11*10+B11+C11/10 -> 0.9 | E11: =ROUND((ROW()-2)*24,0)/86400 -> 0.0025 | G11: 1 secundă nouă = 24 secunde standard
A12: =INT((ROW()-2)/100) -> 0 | B12: =MOD(INT((ROW()-2)/10),10) -> 1 | C12: =MOD(ROW()-2,10) -> 0 | D12: =A12*10+B12+C12/10 -> 1 | E12: =ROUND((ROW()-2)*24,0)/86400 -> 0.0027777778 | G12: Simplificare: Pământul face 360° într-o zi siderală (23 h 56 min 4 s); aici s-a folosit ziua de 24 h.
A13: =INT((ROW()-2)/100) -> 0 | B13: =MOD(INT((ROW()-2)/10),10) -> 1 | C13: =MOD(ROW()-2,10) -> 1 | D13: =A13*10+B13+C13/10 -> 1.1 | E13: =ROUND((ROW()-2)*24,0)/86400 -> 0.0030555556
A14: =INT((ROW()-2)/100) -> 0 | B14: =MOD(INT((ROW()-2)/10),10) -> 1 | C14: =MOD(ROW()-2,10) -> 2 | D14: =A14*10+B14+C14/10 -> 1.2 | E14: =ROUND((ROW()-2)*24,0)/86400 -> 0.0033333333
A15: =INT((ROW()-2)/100) -> 0 | B15: =MOD(INT((ROW()-2)/10),10) -> 1 | C15: =MOD(ROW()-2,10) -> 3 | D15: =A15*10+B15+C15/10 -> 1.3 | E15: =ROUND((ROW()-2)*24,0)/86400 -> 0.0036111111
A16: =INT((ROW()-2)/100) -> 0 | B16: =MOD(INT((ROW()-2)/10),10) -> 1 | C16: =MOD(ROW()-2,10) -> 4 | D16: =A16*10+B16+C16/10 -> 1.4 | E16: =ROUND((ROW()-2)*24,0)/86400 -> 0.0038888889
A17: =INT((ROW()-2)/100) -> 0 | B17: =MOD(INT((ROW()-2)/10),10) -> 1 | C17: =MOD(ROW()-2,10) -> 5 | D17: =A17*10+B17+C17/10 -> 1.5 | E17: =ROUND((ROW()-2)*24,0)/86400 -> 0.0041666667
A18: =INT((ROW()-2)/100) -> 0 | B18: =MOD(INT((ROW()-2)/10),10) -> 1 | C18: =MOD(ROW()-2,10) -> 6 | D18: =A18*10+B18+C18/10 -> 1.6 | E18: =ROUND((ROW()-2)*24,0)/86400 -> 0.0044444444
A19: =INT((ROW()-2)/100) -> 0 | B19: =MOD(INT((ROW()-2)/10),10) -> 1 | C19: =MOD(ROW()-2,10) -> 7 | D19: =A19*10+B19+C19/10 -> 1.7 | E19: =ROUND((ROW()-2)*24,0)/86400 -> 0.0047222222
A20: =INT((ROW()-2)/100) -> 0 | B20: =MOD(INT((ROW()-2)/10),10) -> 1 | C20: =MOD(ROW()-2,10) -> 8 | D20: =A20*10+B20+C20/10 -> 1.8 | E20: =ROUND((ROW()-2)*24,0)/86400 -> 0.005
A21: =INT((ROW()-2)/100) -> 0 | B21: =MOD(INT((ROW()-2)/10),10) -> 1 | C21: =MOD(ROW()-2,10) -> 9 | D21: =A21*10+B21+C21/10 -> 1.9 | E21: =ROUND((ROW()-2)*24,0)/86400 -> 0.0052777778
A22: =INT((ROW()-2)/100) -> 0 | B22: =MOD(INT((ROW()-2)/10),10) -> 2 | C22: =MOD(ROW()-2,10) -> 0 | D22: =A22*10+B22+C22/10 -> 2 | E22: =ROUND((ROW()-2)*24,0)/86400 -> 0.0055555556
A23: =INT((ROW()-2)/100) -> 0 | B23: =MOD(INT((ROW()-2)/10),10) -> 2 | C23: =MOD(ROW()-2,10) -> 1 | D23: =A23*10+B23+C23/10 -> 2.1 | E23: =ROUND((ROW()-2)*24,0)/86400 -> 0.0058333333
A24: =INT((ROW()-2)/100) -> 0 | B24: =MOD(INT((ROW()-2)/10),10) -> 2 | C24: =MOD(ROW()-2,10) -> 2 | D24: =A24*10+B24+C24/10 -> 2.2 | E24: =ROUND((ROW()-2)*24,0)/86400 -> 0.0061111111
... A3601: =INT((ROW()-2)/100) -> 35 | B3601: =MOD(INT((ROW()-2)/10),10) -> 9 | C3601: =MOD(ROW()-2,10) -> 9 | D3601: =A3601*10+B3601+C3601/10 -> 359.9 | E3601: =ROUND((ROW()-2)*24,0)/86400 -> 0.99972222

Sheet Conversie
A1: Timpul precesional uman — Conversie între sistemul internațional (24 h) și sistemul de 36 de ore, cu subsecundă
A2: Completați doar celulele galbene (text albastru). Restul se calculează automat. Toate valorile sunt numere întregi.
A4: 1. Sistem internațional (24 h) → sistem de 36 de ore
B5: Ora (0-23) | C5: Minutele (0-59) | D5: Secundele (0-59)
A6: Timp standard (24 h) - de introdus | B6: 15 | C6: 30 | D6: 45
A7: Secunde standard totale (= subsecunde totale) | B7: =B6*3600+C6*60+D6 -> 55845
B8: Ora (0-35) | C8: Minutul (0-9) | D8: Secunda (0-9) | E8: Subsecunda (0-23) | F8: Unghi de rotație (°)
A9: Timp în sistemul de 36 de ore | B9: =INT(B7/2400) -> 23 | C9: =INT(MOD(B7,2400)/240) -> 2 | D9: =INT(MOD(B7,240)/24) -> 6 | E9: =MOD(B7,24) -> 21 | F9: =B7/240 -> 232.6875
A12: 2. Sistem de 36 de ore → sistem internațional (24 h)
B13: Ora (0-35) | C13: Minutul (0-9) | D13: Secunda (0-9) | E13: Subsecunda (0-23)
A14: Timp în sistemul de 36 de ore - de introdus | B14: 20 | C14: 7 | D14: 5 | E14: 12
A15: Secunde standard totale (= subsecunde totale) | B15: =B14*2400+C14*240+D14*24+E14 -> 49812
B16: Ora (0-23) | C16: Minutele (0-59) | D16: Secundele (0-59) | E16: Format hh:mm:ss
A17: Timp standard (24 h) | B17: =INT(B15/3600) -> 13 | C17: =INT(MOD(B15,3600)/60) -> 50 | D17: =MOD(B15,60) -> 12 | E17: =TEXT(B17,"00")&":"&TEXT(C17,"00")&":"&TEXT(D17,"00") -> 13:50:12
A20: Unitățile sistemului de 36 de ore
A21: Subsecunde pe o secundă nouă (ipoteză) | B21: 24
A22: Grade de rotație pe o secundă nouă (regula 1 s = 0,1°) | B22: 0.1
A23: Unitate | B23: Subsecunde | C23: Secunde standard | D23: Unghi de rotație (°)
A24: Subsecundă | B24: =1 -> 1 | C24: =B24 -> 1 | D24: =B24/$B$21*$B$22 -> 0.0041666667
A25: Secundă nouă | B25: =B21 -> 24 | C25: =B25 -> 24 | D25: =B25/$B$21*$B$22 -> 0.1
A26: Minut nou (10 secunde) | B26: =B25*10 -> 240 | C26: =B26 -> 240 | D26: =B26/$B$21*$B$22 -> 1
A27: Oră nouă (10 minute) | B27: =B26*10 -> 2400 | C27: =B27 -> 2400 | D27: =B27/$B$21*$B$22 -> 10
A28: Zi (36 de ore) | B28: =B27*36 -> 86400 | C28: =B28 -> 86400 | D28: =B28/$B$21*$B$22 -> 360
A31: Puncte de reper (ora standard → ora nouă)
A32: Ora standard (24 h) | B32: Ora nouă (36 h) | C32: Unghi de rotație (°)
A33: 0 | B33: =A33*36/24 -> 0 | C33: =B33*10 -> 0
A34: 3 | B34: =A34*36/24 -> 4.5 | C34: =B34*10 -> 45
A35: 6 | B35: =A35*36/24 -> 9 | C35: =B35*10 -> 90
A36: 9 | B36: =A36*36/24 -> 13.5 | C36: =B36*10 -> 135
A37: 12 | B37: =A37*36/24 -> 18 | C37: =B37*10 -> 180
A38: 15 | B38: =A38*36/24 -> 22.5 | C38: =B38*10 -> 225
A39: 18 | B39: =A39*36/24 -> 27 | C39: =B39*10 -> 270
A40: 21 | B40: =A40*36/24 -> 31.5 | C40: =B40*10 -> 315
A41: 24 | B41: =A41*36/24 -> 36 | C41: =B41*10 -> 360
A44: Reguli și presupuneri
A45: O zi = 24 h standard = 36 h noi = 360° (regulile date de utilizator: 1 h nouă = 10° = 10 minute; 1 minut nou = 1° = 10 secunde; 1 s nouă = 0,1°).
A46: Subsecunda este a 24-a parte dintr-o secundă nouă, deci 1 subsecundă = exact 1 secundă standard (SI). Toate conversiile sunt astfel exacte.
A47: O zi are 3.600 s noi = 86.400 subsecunde = 86.400 s standard. Ora 24 (standard) = ora 36 (nouă) = ora 0 a zilei următoare.
A48: Simplificare: 360° corespund unei zile de 24 h (nu zilei siderale de 23 h 56 min 4 s).

Sheet Calendar 13 luni
A1: Calendarul precesional uman — Calendar de 13 luni × 28 de zile, aliniat la solstițiul din decembrie: conversie gregorian ↔ 13 luni
A2: Completați doar celulele galbene (text albastru). Parametrii sunt în foaia „Timp complet”, la sfârșit.
A4: 1. Data gregoriană → calendar de 13 luni
B5: Data gregoriană
A6: Data gregoriană - de introdus | B6: 46294
A7: Anul nou estimat | B7: =INT((B6-'Timp complet'!$B$45)/'Timp complet'!$B$49)+1 -> 15
A8: Numărul anului nou k (contor intern; k = 1 începe la 22.12.2011) | B8: =B7+IF(B6>=('Timp complet'!$B$45+'Timp complet'!$B$46*(B7)+INT((B7)/'Timp complet'!$B$47)-INT((B7)/'Timp complet'!$B$48)),1,IF(B6<('Timp complet'!$B$45+'Timp complet'!$B$46*(B7-1)+INT((B7-1)/'Timp complet'!$B$47)-INT((B7-1)/'Timp complet'!$B$48)),-1,0)) -> 15
A9: Începutul anului nou (data gregoriană) | B9: =('Timp complet'!$B$45+'Timp complet'!$B$46*(B8-1)+INT((B8-1)/'Timp complet'!$B$47)-INT((B8-1)/'Timp complet'!$B$48)) -> 46012
A10: Ziua din an N (1-366) | B10: =B6-B9+1 -> 283
A11: An nou bisect (366 zile)? | B11: =IF(AND(MOD(B8,'Timp complet'!$B$47)=0,MOD(B8,'Timp complet'!$B$48)<>0),"Da","Nu") -> Nu
B12: ER | C12: AE | D12: Era (sanscrită · engleză · franceză)
A13: Era și anul erei | B13: =ROUNDUP('Timp complet'!$B$51*(MOD(B8-('Timp complet'!$B$52-YEAR('Timp complet'!$B$45)),'Timp complet'!$B$50)+1)/'Timp complet'!$B$50,0) -> 12 | C13: =MOD(B8-('Timp complet'!$B$52-YEAR('Timp complet'!$B$45)),'Timp complet'!$B$50)-INT((B13-1)*'Timp complet'!$B$50/'Timp complet'!$B$51)+1 -> 1734 | D13: =INDEX(Ere!$B$5:$B$16,B13) & " · " & INDEX(Ere!$C$5:$C$16,B13) & " · " & INDEX(Ere!$D$5:$D$16,B13) -> Mīna · Pisces · Poissons
B14: Luna (1-13) | C14: Ziua lunii (1-28) | D14: Ziua săptămânii | E14: Săptămâna (1-52) | F14: Tip zi
A15: Data în calendarul de 13 luni | B15: =IF($B$10<='Timp complet'!$B$60,INT(($B$10-1)/'Timp complet'!$B$58)+1,"-") -> 11 | C15: =IF($B$10<='Timp complet'!$B$60,MOD($B$10-1,'Timp complet'!$B$58)+1,"-") -> 3 | D15: =IF($B$10<='Timp complet'!$B$60,INDEX('Nume sanscrită'!$B$21:$B$27,MOD($B$10-1,7)+1),"-") -> Miercuri | E15: =IF($B$10<='Timp complet'!$B$60,INT(($B$10-1)/7)+1,"-") -> 41 | F15: =IF($B$10<='Timp complet'!$B$60,"Zi obișnuită",IF($B$10='Timp complet'!$B$60+1,"Ziua anului","Ziua bisectă")) -> Zi obișnuită
B16: Luna (sanscrită) | C16: Ziua săptămânii (sanscrită) | D16: Arcul solar (AS) | E16: Ziua din arc (ZA) | F16: Cadranul solar (CS)
A17: Denumiri sanscrite și arcul solar | B17: =IF($B$10<='Timp complet'!$B$60,INDEX('Nume sanscrită'!$F$5:$F$17,B15),IF($B$10='Timp complet'!$B$60+1,'Nume sanscrită'!$B$31,'Nume sanscrită'!$B$32)) -> Ekādaśa māsa | C17: =IF($B$10<='Timp complet'!$B$60,INDEX('Nume sanscrită'!$C$21:$C$27,MOD($B$10-1,7)+1),"-") -> Budhavāra | D17: =MIN('Timp complet'!$B$54,INT(($B$10-1)/'Timp complet'!$B$53)+1) -> 57 | E17: =$B$10-'Timp complet'!$B$53*(D17-1) -> 3 | F17: =INDEX(Evenimente!$G$2:$G$1213,MATCH($B$6+1,Evenimente!$F$2:$F$1213,1)) -> 4
A20: 2. Calendar de 13 luni → data gregoriană
B21: An gregorian (identifică anul nou) | C21: Luna (1-13) | D21: Ziua lunii (1-28) | E21: Zi specială
A22: Data în calendarul de 13 luni - de introdus | B22: 2026 | C22: 11 | D22: 3 | E22: Nu
A23: Anul nou estimat | B23: =INT((DATE(B22,7,1)-'Timp complet'!$B$45)/'Timp complet'!$B$49)+1 -> 15
A24: Numărul anului nou k (cel care conține 1 iulie al anului ales) | B24: =B23+IF(DATE(B22,7,1)>=('Timp complet'!$B$45+'Timp complet'!$B$46*(B23)+INT((B23)/'Timp complet'!$B$47)-INT((B23)/'Timp complet'!$B$48)),1,IF(DATE(B22,7,1)<('Timp complet'!$B$45+'Timp complet'!$B$46*(B23-1)+INT((B23-1)/'Timp complet'!$B$47)-INT((B23-1)/'Timp complet'!$B$48)),-1,0)) -> 15
A25: Începutul anului nou | B25: =('Timp complet'!$B$45+'Timp complet'!$B$46*(B24-1)+INT((B24-1)/'Timp complet'!$B$47)-INT((B24-1)/'Timp complet'!$B$48)) -> 46012
A26: Ziua din an N | B26: =IF(E22="Ziua anului",'Timp complet'!$B$60+1,IF(E22="Ziua bisectă",'Timp complet'!$B$60+2,(C22-1)*'Timp complet'!$B$58+D22)) -> 283
A27: An nou bisect (366 zile)? | B27: =IF(AND(MOD(B24,'Timp complet'!$B$47)=0,MOD(B24,'Timp complet'!$B$48)<>0),"Da","Nu") -> Nu
B28: Data gregoriană | C28: Ziua săptămânii (gregoriană) | D28: Ziua săptămânii (calendar nou)
A29: Data gregoriană | B29: =IF(AND(B26='Timp complet'!$B$60+2,B27="Nu"),"An nebisect",B25+B26-1) -> 46294 | C29: =IF(ISNUMBER(B29),INDEX('Nume sanscrită'!$B$21:$B$27,WEEKDAY(B29,2)),"-") -> Marți | D29: =IF(B26<='Timp complet'!$B$60,INDEX('Nume sanscrită'!$B$21:$B$27,MOD(B26-1,7)+1),"-") -> Miercuri
A30: Pentru Ziua anului sau Ziua bisectă, alegeți-o în coloana „Zi specială”; luna și ziua sunt ignorate.
A32: 3. Cele 13 luni ale anului nou ales, cu datele gregoriene
A33: An gregorian - de introdus (anul nou care conține 1 iulie) | B33: 2026
A34: Anul nou estimat | B34: =INT((DATE(B33,7,1)-'Timp complet'!$B$45)/'Timp complet'!$B$49)+1 -> 15
A35: Numărul anului nou k | B35: =B34+IF(DATE(B33,7,1)>=('Timp complet'!$B$45+'Timp complet'!$B$46*(B34)+INT((B34)/'Timp complet'!$B$47)-INT((B34)/'Timp complet'!$B$48)),1,IF(DATE(B33,7,1)<('Timp complet'!$B$45+'Timp complet'!$B$46*(B34-1)+INT((B34-1)/'Timp complet'!$B$47)-INT((B34-1)/'Timp complet'!$B$48)),-1,0)) -> 15
A36: Începutul anului nou (ziua solstițiului) | B36: =('Timp complet'!$B$45+'Timp complet'!$B$46*(B35-1)+INT((B35-1)/'Timp complet'!$B$47)-INT((B35-1)/'Timp complet'!$B$48)) -> 46012
A37: Sfârșitul anului nou | B37: =('Timp complet'!$B$45+'Timp complet'!$B$46*(B35)+INT((B35)/'Timp complet'!$B$47)-INT((B35)/'Timp complet'!$B$48))-1 -> 46376
A38: Zile în anul nou | B38: =B37-B36+1 -> 365
A39: ER-AE | B39: =ROUNDUP('Timp complet'!$B$51*(MOD(B35-('Timp complet'!$B$52-YEAR('Timp complet'!$B$45)),'Timp complet'!$B$50)+1)/'Timp complet'!$B$50,0)&"-"&TEXT(MOD(B35-('Timp complet'!$B$52-YEAR('Timp complet'!$B$45)),'Timp complet'!$B$50)-INT((ROUNDUP('Timp complet'!$B$51*(MOD(B35-('Timp complet'!$B$52-YEAR('Timp complet'!$B$45)),'Timp complet'!$B$50)+1)/'Timp complet'!$B$50,0)-1)*'Timp complet'!$B$50/'Timp complet'!$B$51)+1,"0000") -> 12-1734
A40: Luna | B40: Nume (sanscrită) | C40: Prima zi (gregorian) | D40: Ultima zi (gregorian) | E40: Zile
A41: 1 | B41: =INDEX('Nume sanscrită'!$F$5:$F$17,A41) -> Prathama māsa | C41: =$B$36+(A41-1)*'Timp complet'!$B$58 -> 46012 | D41: =C41+'Timp complet'!$B$58-1 -> 46039 | E41: ='Timp complet'!$B$58 -> 28
A42: 2 | B42: =INDEX('Nume sanscrită'!$F$5:$F$17,A42) -> Dvitīya māsa | C42: =$B$36+(A42-1)*'Timp complet'!$B$58 -> 46040 | D42: =C42+'Timp complet'!$B$58-1 -> 46067 | E42: ='Timp complet'!$B$58 -> 28
A43: 3 | B43: =INDEX('Nume sanscrită'!$F$5:$F$17,A43) -> Tṛtīya māsa | C43: =$B$36+(A43-1)*'Timp complet'!$B$58 -> 46068 | D43: =C43+'Timp complet'!$B$58-1 -> 46095 | E43: ='Timp complet'!$B$58 -> 28
A44: 4 | B44: =INDEX('Nume sanscrită'!$F$5:$F$17,A44) -> Caturtha māsa | C44: =$B$36+(A44-1)*'Timp complet'!$B$58 -> 46096 | D44: =C44+'Timp complet'!$B$58-1 -> 46123 | E44: ='Timp complet'!$B$58 -> 28
A45: 5 | B45: =INDEX('Nume sanscrită'!$F$5:$F$17,A45) -> Pañcama māsa | C45: =$B$36+(A45-1)*'Timp complet'!$B$58 -> 46124 | D45: =C45+'Timp complet'!$B$58-1 -> 46151 | E45: ='Timp complet'!$B$58 -> 28
A46: 6 | B46: =INDEX('Nume sanscrită'!$F$5:$F$17,A46) -> Ṣaṣṭha māsa | C46: =$B$36+(A46-1)*'Timp complet'!$B$58 -> 46152 | D46: =C46+'Timp complet'!$B$58-1 -> 46179 | E46: ='Timp complet'!$B$58 -> 28
A47: 7 | B47: =INDEX('Nume sanscrită'!$F$5:$F$17,A47) -> Saptama māsa | C47: =$B$36+(A47-1)*'Timp complet'!$B$58 -> 46180 | D47: =C47+'Timp complet'!$B$58-1 -> 46207 | E47: ='Timp complet'!$B$58 -> 28
A48: 8 | B48: =INDEX('Nume sanscrită'!$F$5:$F$17,A48) -> Aṣṭama māsa | C48: =$B$36+(A48-1)*'Timp complet'!$B$58 -> 46208 | D48: =C48+'Timp complet'!$B$58-1 -> 46235 | E48: ='Timp complet'!$B$58 -> 28
A49: 9 | B49: =INDEX('Nume sanscrită'!$F$5:$F$17,A49) -> Navama māsa | C49: =$B$36+(A49-1)*'Timp complet'!$B$58 -> 46236 | D49: =C49+'Timp complet'!$B$58-1 -> 46263 | E49: ='Timp complet'!$B$58 -> 28
A50: 10 | B50: =INDEX('Nume sanscrită'!$F$5:$F$17,A50) -> Daśama māsa | C50: =$B$36+(A50-1)*'Timp complet'!$B$58 -> 46264 | D50: =C50+'Timp complet'!$B$58-1 -> 46291 | E50: ='Timp complet'!$B$58 -> 28
A51: 11 | B51: =INDEX('Nume sanscrită'!$F$5:$F$17,A51) -> Ekādaśa māsa | C51: =$B$36+(A51-1)*'Timp complet'!$B$58 -> 46292 | D51: =C51+'Timp complet'!$B$58-1 -> 46319 | E51: ='Timp complet'!$B$58 -> 28
A52: 12 | B52: =INDEX('Nume sanscrită'!$F$5:$F$17,A52) -> Dvādaśa māsa | C52: =$B$36+(A52-1)*'Timp complet'!$B$58 -> 46320 | D52: =C52+'Timp complet'!$B$58-1 -> 46347 | E52: ='Timp complet'!$B$58 -> 28
A53: 13 | B53: =INDEX('Nume sanscrită'!$F$5:$F$17,A53) -> Trayodaśa māsa | C53: =$B$36+(A53-1)*'Timp complet'!$B$58 -> 46348 | D53: =C53+'Timp complet'!$B$58-1 -> 46375 | E53: ='Timp complet'!$B$58 -> 28
A54: Ziua anului | B54: ='Nume sanscrită'!$B$31 -> Varṣa-dina | C54: =$B$36+'Timp complet'!$B$60 -> 46376 | D54: =C54 -> 46376 | E54: =1 -> 1
A55: Ziua bisectă | B55: ='Nume sanscrită'!$B$32 -> Adhika-dina | C55: =IF($B$38='Timp complet'!$B$60+2,$B$36+'Timp complet'!$B$60+1,"-") -> - | D55: =C55 -> - | E55: =IF(ISNUMBER(C55),1,0) -> 0
A57: Reguli
A58: 13 luni × 28 de zile = 364 de zile = 52 de săptămâni. Fiecare lună începe luni (ziua 1) și se termină duminică (ziua 28).
A59: Anul nou începe în ziua UTC a solstițiului din decembrie (AN 1 = 22.12.2011). Ziua 365 = Ziua anului; în anii bisecți, ziua 366 = Ziua bisectă.
A60: An bisect: k multiplu de 4, cu excepția multiplilor de 128. Ziua în plus se adaugă la sfârșitul anului, în afara săptămânii.
A61: Anul nou se alege prin anul gregorian care conține 1 iulie (ex.: 2026 = anul nou de la 21.12.2025 la 20.12.2026).
A62: Ziua săptămânii din calendarul nou diferă de cea gregoriană: ziua 1 a fiecărei luni este mereu luni.

Sheet Calendar an
A1: Calendarul precesional uman — Calendarul de 13 luni, zi cu zi, pentru anul nou ales (începe la solstițiul din decembrie)
A2: An gregorian (din foaia „Calendar 13 luni”, celula B33) | B2: ='Calendar 13 luni'!B33 -> 2026 | D2: Zile în an: | E2: ='Calendar 13 luni'!B38 -> 365
A3: Anul nou începe la (ziua solstițiului) | B3: ='Calendar 13 luni'!B36 -> 46012 | D3: ER-AE: | E3: ='Calendar 13 luni'!B39 -> 12-1734
A4: Data gregoriană | B4: Ziua din an | C4: Luna (1-13) | D4: Ziua lunii (1-28) | E4: Ziua săptămânii (calendar nou) | F4: Ziua săptămânii (gregoriană) | G4: Arc solar (AS) | H4: Cadran solar (CS) | I4: Fenomen astronomic (UTC)
A5: =IF(B5="","",$B$3+B5-1) -> 46012 | B5: =IF(ROW()-4<=$E$2,ROW()-4,"") -> 1 | C5: =IF(B5="","",IF(B5<='Timp complet'!$B$60,INT((B5-1)/'Timp complet'!$B$58)+1,IF(B5='Timp complet'!$B$60+1,"Ziua anului","Ziua bisectă"))) -> 1 | D5: =IF(B5="","",IF(B5<='Timp complet'!$B$60,MOD(B5-1,'Timp complet'!$B$58)+1,"-")) -> 1 | E5: =IF(B5="","",IF(B5<='Timp complet'!$B$60,INDEX('Nume sanscrită'!$B$21:$B$27,MOD(B5-1,7)+1),"-")) -> Luni | F5: =IF(B5="","",INDEX('Nume sanscrită'!$B$21:$B$27,WEEKDAY(A5,2))) -> Duminică | G5: =IF(B5="","",MIN('Timp complet'!$B$54,INT((B5-1)/'Timp complet'!$B$53)+1)) -> 1 | H5: =IF(B5="","",INDEX(Evenimente!$G$2:$G$1213,MATCH(A5+1,Evenimente!$F$2:$F$1213,1))) -> 1 | I5: =IF(B5="","",IF(INDEX(Evenimente!$A$2:$A$16203,MATCH(A5-0.000001,Evenimente!$A$2:$A$16203,1)+1)<A5+1,INDEX(Evenimente!$B$2:$B$16203,MATCH(A5-0.000001,Evenimente!$A$2:$A$16203,1)+1)&" "&INDEX(Evenimente!$C$2:$C$16203,MATCH(A5-0.000001,Evenimente!$A$2:$A$16203,1)+1)&" "&TEXT(HOUR(INDEX(Evenimente!$A$2:$A$16203,MATCH(A5-0.000001,Evenimente!$A$2:$A$16203,1)+1)),"00")&":"&TEXT(MINUTE(INDEX(Evenimente!$A$2:$A$16203,MATCH(A5-0.000001,Evenimente!$A$2:$A$16203,1)+1)),"00")&" UTC"&IF(INDEX(Evenimente!$A$2:$A$16203,MATCH(A5-0.000001,Evenimente!$A$2:$A$16203,1)+2)<A5+1,"; "&INDEX(Evenimente!$B$2:$B$16203,MATCH(A5-0.000001,Evenimente!$A$2:$A$16203,1)+2)&" "&INDEX(Evenimente!$C$2:$C$16203,MATCH(A5-0.000001,Evenimente!$A$2:$A$16203,1)+2)&" "&TEXT(HOUR(INDEX(Evenimente!$A$2:$A$16203,MATCH(A5-0.000001,Evenimente!$A$2:$A$16203,1)+2)),"00")&":"&TEXT(MINUTE(INDEX(Evenimente!$A$2:$A$16203,MATCH(A5-0.000001,Evenimente!$A$2:$A$16203,1)+2)),"00")&" UTC",""),"")) -> ☀ solstițiul din decembrie 15:03 UTC
A6: =IF(B6="","",$B$3+B6-1) -> 46013 | B6: =IF(ROW()-4<=$E$2,ROW()-4,"") -> 2 | C6: =IF(B6="","",IF(B6<='Timp complet'!$B$60,INT((B6-1)/'Timp complet'!$B$58)+1,IF(B6='Timp complet'!$B$60+1,"Ziua anului","Ziua bisectă"))) -> 1 | D6: =IF(B6="","",IF(B6<='Timp complet'!$B$60,MOD(B6-1,'Timp complet'!$B$58)+1,"-")) -> 2 | E6: =IF(B6="","",IF(B6<='Timp complet'!$B$60,INDEX('Nume sanscrită'!$B$21:$B$27,MOD(B6-1,7)+1),"-")) -> Marți | F6: =IF(B6="","",INDEX('Nume sanscrită'!$B$21:$B$27,WEEKDAY(A6,2))) -> Luni | G6: =IF(B6="","",MIN('Timp complet'!$B$54,INT((B6-1)/'Timp complet'!$B$53)+1)) -> 1 | H6: =IF(B6="","",INDEX(Evenimente!$G$2:$G$1213,MATCH(A6+1,Evenimente!$F$2:$F$1213,1))) -> 1 | I6: =IF(B6="","",IF(INDEX(Evenimente!$A$2:$A$16203,MATCH(A6-0.000001,Evenimente!$A$2:$A$16203,1)+1)<A6+1,INDEX(Evenimente!$B$2:$B$16203,MATCH(A6-0.000001,Evenimente!$A$2:$A$16203,1)+1)&" "&INDEX(Evenimente!$C$2:$C$16203,MATCH(A6-0.000001,Evenimente!$A$2:$A$16203,1)+1)&" "&TEXT(HOUR(INDEX(Evenimente!$A$2:$A$16203,MATCH(A6-0.000001,Evenimente!$A$2:$A$16203,1)+1)),"00")&":"&TEXT(MINUTE(INDEX(Evenimente!$A$2:$A$16203,MATCH(A6-0.000001,Evenimente!$A$2:$A$16203,1)+1)),"00")&" UTC"&IF(INDEX(Evenimente!$A$2:$A$16203,MATCH(A6-0.000001,Evenimente!$A$2:$A$16203,1)+2)<A6+1,"; "&INDEX(Evenimente!$B$2:$B$16203,MATCH(A6-0.000001,Evenimente!$A$2:$A$16203,1)+2)&" "&INDEX(Evenimente!$C$2:$C$16203,MATCH(A6-0.000001,Evenimente!$A$2:$A$16203,1)+2)&" "&TEXT(HOUR(INDEX(Evenimente!$A$2:$A$16203,MATCH(A6-0.000001,Evenimente!$A$2:$A$16203,1)+2)),"00")&":"&TEXT(MINUTE(INDEX(Evenimente!$A$2:$A$16203,MATCH(A6-0.000001,Evenimente!$A$2:$A$16203,1)+2)),"00")&" UTC",""),""))
A7: =IF(B7="","",$B$3+B7-1) -> 46014 | B7: =IF(ROW()-4<=$E$2,ROW()-4,"") -> 3 | C7: =IF(B7="","",IF(B7<='Timp complet'!$B$60,INT((B7-1)/'Timp complet'!$B$58)+1,IF(B7='Timp complet'!$B$60+1,"Ziua anului","Ziua bisectă"))) -> 1 | D7: =IF(B7="","",IF(B7<='Timp complet'!$B$60,MOD(B7-1,'Timp complet'!$B$58)+1,"-")) -> 3 | E7: =IF(B7="","",IF(B7<='Timp complet'!$B$60,INDEX('Nume sanscrită'!$B$21:$B$27,MOD(B7-1,7)+1),"-")) -> Miercuri | F7: =IF(B7="","",INDEX('Nume sanscrită'!$B$21:$B$27,WEEKDAY(A7,2))) -> Marți | G7: =IF(B7="","",MIN('Timp complet'!$B$54,INT((B7-1)/'Timp complet'!$B$53)+1)) -> 1 | H7: =IF(B7="","",INDEX(Evenimente!$G$2:$G$1213,MATCH(A7+1,Evenimente!$F$2:$F$1213,1))) -> 1 | I7: =IF(B7="","",IF(INDEX(Evenimente!$A$2:$A$16203,MATCH(A7-0.000001,Evenimente!$A$2:$A$16203,1)+1)<A7+1,INDEX(Evenimente!$B$2:$B$16203,MATCH(A7-0.000001,Evenimente!$A$2:$A$16203,1)+1)&" "&INDEX(Evenimente!$C$2:$C$16203,MATCH(A7-0.000001,Evenimente!$A$2:$A$16203,1)+1)&" "&TEXT(HOUR(INDEX(Evenimente!$A$2:$A$16203,MATCH(A7-0.000001,Evenimente!$A$2:$A$16203,1)+1)),"00")&":"&TEXT(MINUTE(INDEX(Evenimente!$A$2:$A$16203,MATCH(A7-0.000001,Evenimente!$A$2:$A$16203,1)+1)),"00")&" UTC"&IF(INDEX(Evenimente!$A$2:$A$16203,MATCH(A7-0.000001,Evenimente!$A$2:$A$16203,1)+2)<A7+1,"; "&INDEX(Evenimente!$B$2:$B$16203,MATCH(A7-0.000001,Evenimente!$A$2:$A$16203,1)+2)&" "&INDEX(Evenimente!$C$2:$C$16203,MATCH(A7-0.000001,Evenimente!$A$2:$A$16203,1)+2)&" "&TEXT(HOUR(INDEX(Evenimente!$A$2:$A$16203,MATCH(A7-0.000001,Evenimente!$A$2:$A$16203,1)+2)),"00")&":"&TEXT(MINUTE(INDEX(Evenimente!$A$2:$A$16203,MATCH(A7-0.000001,Evenimente!$A$2:$A$16203,1)+2)),"00")&" UTC",""),""))
A8: =IF(B8="","",$B$3+B8-1) -> 46015 | B8: =IF(ROW()-4<=$E$2,ROW()-4,"") -> 4 | C8: =IF(B8="","",IF(B8<='Timp complet'!$B$60,INT((B8-1)/'Timp complet'!$B$58)+1,IF(B8='Timp complet'!$B$60+1,"Ziua anului","Ziua bisectă"))) -> 1 | D8: =IF(B8="","",IF(B8<='Timp complet'!$B$60,MOD(B8-1,'Timp complet'!$B$58)+1,"-")) -> 4 | E8: =IF(B8="","",IF(B8<='Timp complet'!$B$60,INDEX('Nume sanscrită'!$B$21:$B$27,MOD(B8-1,7)+1),"-")) -> Joi | F8: =IF(B8="","",INDEX('Nume sanscrită'!$B$21:$B$27,WEEKDAY(A8,2))) -> Miercuri | G8: =IF(B8="","",MIN('Timp complet'!$B$54,INT((B8-1)/'Timp complet'!$B$53)+1)) -> 1 | H8: =IF(B8="","",INDEX(Evenimente!$G$2:$G$1213,MATCH(A8+1,Evenimente!$F$2:$F$1213,1))) -> 1 | I8: =IF(B8="","",IF(INDEX(Evenimente!$A$2:$A$16203,MATCH(A8-0.000001,Evenimente!$A$2:$A$16203,1)+1)<A8+1,INDEX(Evenimente!$B$2:$B$16203,MATCH(A8-0.000001,Evenimente!$A$2:$A$16203,1)+1)&" "&INDEX(Evenimente!$C$2:$C$16203,MATCH(A8-0.000001,Evenimente!$A$2:$A$16203,1)+1)&" "&TEXT(HOUR(INDEX(Evenimente!$A$2:$A$16203,MATCH(A8-0.000001,Evenimente!$A$2:$A$16203,1)+1)),"00")&":"&TEXT(MINUTE(INDEX(Evenimente!$A$2:$A$16203,MATCH(A8-0.000001,Evenimente!$A$2:$A$16203,1)+1)),"00")&" UTC"&IF(INDEX(Evenimente!$A$2:$A$16203,MATCH(A8-0.000001,Evenimente!$A$2:$A$16203,1)+2)<A8+1,"; "&INDEX(Evenimente!$B$2:$B$16203,MATCH(A8-0.000001,Evenimente!$A$2:$A$16203,1)+2)&" "&INDEX(Evenimente!$C$2:$C$16203,MATCH(A8-0.000001,Evenimente!$A$2:$A$16203,1)+2)&" "&TEXT(HOUR(INDEX(Evenimente!$A$2:$A$16203,MATCH(A8-0.000001,Evenimente!$A$2:$A$16203,1)+2)),"00")&":"&TEXT(MINUTE(INDEX(Evenimente!$A$2:$A$16203,MATCH(A8-0.000001,Evenimente!$A$2:$A$16203,1)+2)),"00")&" UTC",""),""))
A9: =IF(B9="","",$B$3+B9-1) -> 46016 | B9: =IF(ROW()-4<=$E$2,ROW()-4,"") -> 5 | C9: =IF(B9="","",IF(B9<='Timp complet'!$B$60,INT((B9-1)/'Timp complet'!$B$58)+1,IF(B9='Timp complet'!$B$60+1,"Ziua anului","Ziua bisectă"))) -> 1 | D9: =IF(B9="","",IF(B9<='Timp complet'!$B$60,MOD(B9-1,'Timp complet'!$B$58)+1,"-")) -> 5 | E9: =IF(B9="","",IF(B9<='Timp complet'!$B$60,INDEX('Nume sanscrită'!$B$21:$B$27,MOD(B9-1,7)+1),"-")) -> Vineri | F9: =IF(B9="","",INDEX('Nume sanscrită'!$B$21:$B$27,WEEKDAY(A9,2))) -> Joi | G9: =IF(B9="","",MIN('Timp complet'!$B$54,INT((B9-1)/'Timp complet'!$B$53)+1)) -> 1 | H9: =IF(B9="","",INDEX(Evenimente!$G$2:$G$1213,MATCH(A9+1,Evenimente!$F$2:$F$1213,1))) -> 1 | I9: =IF(B9="","",IF(INDEX(Evenimente!$A$2:$A$16203,MATCH(A9-0.000001,Evenimente!$A$2:$A$16203,1)+1)<A9+1,INDEX(Evenimente!$B$2:$B$16203,MATCH(A9-0.000001,Evenimente!$A$2:$A$16203,1)+1)&" "&INDEX(Evenimente!$C$2:$C$16203,MATCH(A9-0.000001,Evenimente!$A$2:$A$16203,1)+1)&" "&TEXT(HOUR(INDEX(Evenimente!$A$2:$A$16203,MATCH(A9-0.000001,Evenimente!$A$2:$A$16203,1)+1)),"00")&":"&TEXT(MINUTE(INDEX(Evenimente!$A$2:$A$16203,MATCH(A9-0.000001,Evenimente!$A$2:$A$16203,1)+1)),"00")&" UTC"&IF(INDEX(Evenimente!$A$2:$A$16203,MATCH(A9-0.000001,Evenimente!$A$2:$A$16203,1)+2)<A9+1,"; "&INDEX(Evenimente!$B$2:$B$16203,MATCH(A9-0.000001,Evenimente!$A$2:$A$16203,1)+2)&" "&INDEX(Evenimente!$C$2:$C$16203,MATCH(A9-0.000001,Evenimente!$A$2:$A$16203,1)+2)&" "&TEXT(HOUR(INDEX(Evenimente!$A$2:$A$16203,MATCH(A9-0.000001,Evenimente!$A$2:$A$16203,1)+2)),"00")&":"&TEXT(MINUTE(INDEX(Evenimente!$A$2:$A$16203,MATCH(A9-0.000001,Evenimente!$A$2:$A$16203,1)+2)),"00")&" UTC",""),""))
A10: =IF(B10="","",$B$3+B10-1) -> 46017 | B10: =IF(ROW()-4<=$E$2,ROW()-4,"") -> 6 | C10: =IF(B10="","",IF(B10<='Timp complet'!$B$60,INT((B10-1)/'Timp complet'!$B$58)+1,IF(B10='Timp complet'!$B$60+1,"Ziua anului","Ziua bisectă"))) -> 1 | D10: =IF(B10="","",IF(B10<='Timp complet'!$B$60,MOD(B10-1,'Timp complet'!$B$58)+1,"-")) -> 6 | E10: =IF(B10="","",IF(B10<='Timp complet'!$B$60,INDEX('Nume sanscrită'!$B$21:$B$27,MOD(B10-1,7)+1),"-")) -> Sâmbătă | F10: =IF(B10="","",INDEX('Nume sanscrită'!$B$21:$B$27,WEEKDAY(A10,2))) -> Vineri | G10: =IF(B10="","",MIN('Timp complet'!$B$54,INT((B10-1)/'Timp complet'!$B$53)+1)) -> 2 | H10: =IF(B10="","",INDEX(Evenimente!$G$2:$G$1213,MATCH(A10+1,Evenimente!$F$2:$F$1213,1))) -> 1 | I10: =IF(B10="","",IF(INDEX(Evenimente!$A$2:$A$16203,MATCH(A10-0.000001,Evenimente!$A$2:$A$16203,1)+1)<A10+1,INDEX(Evenimente!$B$2:$B$16203,MATCH(A10-0.000001,Evenimente!$A$2:$A$16203,1)+1)&" "&INDEX(Evenimente!$C$2:$C$16203,MATCH(A10-0.000001,Evenimente!$A$2:$A$16203,1)+1)&" "&TEXT(HOUR(INDEX(Evenimente!$A$2:$A$16203,MATCH(A10-0.000001,Evenimente!$A$2:$A$16203,1)+1)),"00")&":"&TEXT(MINUTE(INDEX(Evenimente!$A$2:$A$16203,MATCH(A10-0.000001,Evenimente!$A$2:$A$16203,1)+1)),"00")&" UTC"&IF(INDEX(Evenimente!$A$2:$A$16203,MATCH(A10-0.000001,Evenimente!$A$2:$A$16203,1)+2)<A10+1,"; "&INDEX(Evenimente!$B$2:$B$16203,MATCH(A10-0.000001,Evenimente!$A$2:$A$16203,1)+2)&" "&INDEX(Evenimente!$C$2:$C$16203,MATCH(A10-0.000001,Evenimente!$A$2:$A$16203,1)+2)&" "&TEXT(HOUR(INDEX(Evenimente!$A$2:$A$16203,MATCH(A10-0.000001,Evenimente!$A$2:$A$16203,1)+2)),"00")&":"&TEXT(MINUTE(INDEX(Evenimente!$A$2:$A$16203,MATCH(A10-0.000001,Evenimente!$A$2:$A$16203,1)+2)),"00")&" UTC",""),""))
A11: =IF(B11="","",$B$3+B11-1) -> 46018 | B11: =IF(ROW()-4<=$E$2,ROW()-4,"") -> 7 | C11: =IF(B11="","",IF(B11<='Timp complet'!$B$60,INT((B11-1)/'Timp complet'!$B$58)+1,IF(B11='Timp complet'!$B$60+1,"Ziua anului","Ziua bisectă"))) -> 1 | D11: =IF(B11="","",IF(B11<='Timp complet'!$B$60,MOD(B11-1,'Timp complet'!$B$58)+1,"-")) -> 7 | E11: =IF(B11="","",IF(B11<='Timp complet'!$B$60,INDEX('Nume sanscrită'!$B$21:$B$27,MOD(B11-1,7)+1),"-")) -> Duminică | F11: =IF(B11="","",INDEX('Nume sanscrită'!$B$21:$B$27,WEEKDAY(A11,2))) -> Sâmbătă | G11: =IF(B11="","",MIN('Timp complet'!$B$54,INT((B11-1)/'Timp complet'!$B$53)+1)) -> 2 | H11: =IF(B11="","",INDEX(Evenimente!$G$2:$G$1213,MATCH(A11+1,Evenimente!$F$2:$F$1213,1))) -> 1 | I11: =IF(B11="","",IF(INDEX(Evenimente!$A$2:$A$16203,MATCH(A11-0.000001,Evenimente!$A$2:$A$16203,1)+1)<A11+1,INDEX(Evenimente!$B$2:$B$16203,MATCH(A11-0.000001,Evenimente!$A$2:$A$16203,1)+1)&" "&INDEX(Evenimente!$C$2:$C$16203,MATCH(A11-0.000001,Evenimente!$A$2:$A$16203,1)+1)&" "&TEXT(HOUR(INDEX(Evenimente!$A$2:$A$16203,MATCH(A11-0.000001,Evenimente!$A$2:$A$16203,1)+1)),"00")&":"&TEXT(MINUTE(INDEX(Evenimente!$A$2:$A$16203,MATCH(A11-0.000001,Evenimente!$A$2:$A$16203,1)+1)),"00")&" UTC"&IF(INDEX(Evenimente!$A$2:$A$16203,MATCH(A11-0.000001,Evenimente!$A$2:$A$16203,1)+2)<A11+1,"; "&INDEX(Evenimente!$B$2:$B$16203,MATCH(A11-0.000001,Evenimente!$A$2:$A$16203,1)+2)&" "&INDEX(Evenimente!$C$2:$C$16203,MATCH(A11-0.000001,Evenimente!$A$2:$A$16203,1)+2)&" "&TEXT(HOUR(INDEX(Evenimente!$A$2:$A$16203,MATCH(A11-0.000001,Evenimente!$A$2:$A$16203,1)+2)),"00")&":"&TEXT(MINUTE(INDEX(Evenimente!$A$2:$A$16203,MATCH(A11-0.000001,Evenimente!$A$2:$A$16203,1)+2)),"00")&" UTC",""),"")) -> ◐ primul pătrar 19:10 UTC
A12: =IF(B12="","",$B$3+B12-1) -> 46019 | B12: =IF(ROW()-4<=$E$2,ROW()-4,"") -> 8 | C12: =IF(B12="","",IF(B12<='Timp complet'!$B$60,INT((B12-1)/'Timp complet'!$B$58)+1,IF(B12='Timp complet'!$B$60+1,"Ziua anului","Ziua bisectă"))) -> 1 | D12: =IF(B12="","",IF(B12<='Timp complet'!$B$60,MOD(B12-1,'Timp complet'!$B$58)+1,"-")) -> 8 | E12: =IF(B12="","",IF(B12<='Timp complet'!$B$60,INDEX('Nume sanscrită'!$B$21:$B$27,MOD(B12-1,7)+1),"-")) -> Luni | F12: =IF(B12="","",INDEX('Nume sanscrită'!$B$21:$B$27,WEEKDAY(A12,2))) -> Duminică | G12: =IF(B12="","",MIN('Timp complet'!$B$54,INT((B12-1)/'Timp complet'!$B$53)+1)) -> 2 | H12: =IF(B12="","",INDEX(Evenimente!$G$2:$G$1213,MATCH(A12+1,Evenimente!$F$2:$F$1213,1))) -> 1 | I12: =IF(B12="","",IF(INDEX(Evenimente!$A$2:$A$16203,MATCH(A12-0.000001,Evenimente!$A$2:$A$16203,1)+1)<A12+1,INDEX(Evenimente!$B$2:$B$16203,MATCH(A12-0.000001,Evenimente!$A$2:$A$16203,1)+1)&" "&INDEX(Evenimente!$C$2:$C$16203,MATCH(A12-0.000001,Evenimente!$A$2:$A$16203,1)+1)&" "&TEXT(HOUR(INDEX(Evenimente!$A$2:$A$16203,MATCH(A12-0.000001,Evenimente!$A$2:$A$16203,1)+1)),"00")&":"&TEXT(MINUTE(INDEX(Evenimente!$A$2:$A$16203,MATCH(A12-0.000001,Evenimente!$A$2:$A$16203,1)+1)),"00")&" UTC"&IF(INDEX(Evenimente!$A$2:$A$16203,MATCH(A12-0.000001,Evenimente!$A$2:$A$16203,1)+2)<A12+1,"; "&INDEX(Evenimente!$B$2:$B$16203,MATCH(A12-0.000001,Evenimente!$A$2:$A$16203,1)+2)&" "&INDEX(Evenimente!$C$2:$C$16203,MATCH(A12-0.000001,Evenimente!$A$2:$A$16203,1)+2)&" "&TEXT(HOUR(INDEX(Evenimente!$A$2:$A$16203,MATCH(A12-0.000001,Evenimente!$A$2:$A$16203,1)+2)),"00")&":"&TEXT(MINUTE(INDEX(Evenimente!$A$2:$A$16203,MATCH(A12-0.000001,Evenimente!$A$2:$A$16203,1)+2)),"00")&" UTC",""),""))
A13: =IF(B13="","",$B$3+B13-1) -> 46020 | B13: =IF(ROW()-4<=$E$2,ROW()-4,"") -> 9 | C13: =IF(B13="","",IF(B13<='Timp complet'!$B$60,INT((B13-1)/'Timp complet'!$B$58)+1,IF(B13='Timp complet'!$B$60+1,"Ziua anului","Ziua bisectă"))) -> 1 | D13: =IF(B13="","",IF(B13<='Timp complet'!$B$60,MOD(B13-1,'Timp complet'!$B$58)+1,"-")) -> 9 | E13: =IF(B13="","",IF(B13<='Timp complet'!$B$60,INDEX('Nume sanscrită'!$B$21:$B$27,MOD(B13-1,7)+1),"-")) -> Marți | F13: =IF(B13="","",INDEX('Nume sanscrită'!$B$21:$B$27,WEEKDAY(A13,2))) -> Luni | G13: =IF(B13="","",MIN('Timp complet'!$B$54,INT((B13-1)/'Timp complet'!$B$53)+1)) -> 2 | H13: =IF(B13="","",INDEX(Evenimente!$G$2:$G$1213,MATCH(A13+1,Evenimente!$F$2:$F$1213,1))) -> 1 | I13: =IF(B13="","",IF(INDEX(Evenimente!$A$2:$A$16203,MATCH(A13-0.000001,Evenimente!$A$2:$A$16203,1)+1)<A13+1,INDEX(Evenimente!$B$2:$B$16203,MATCH(A13-0.000001,Evenimente!$A$2:$A$16203,1)+1)&" "&INDEX(Evenimente!$C$2:$C$16203,MATCH(A13-0.000001,Evenimente!$A$2:$A$16203,1)+1)&" "&TEXT(HOUR(INDEX(Evenimente!$A$2:$A$16203,MATCH(A13-0.000001,Evenimente!$A$2:$A$16203,1)+1)),"00")&":"&TEXT(MINUTE(INDEX(Evenimente!$A$2:$A$16203,MATCH(A13-0.000001,Evenimente!$A$2:$A$16203,1)+1)),"00")&" UTC"&IF(INDEX(Evenimente!$A$2:$A$16203,MATCH(A13-0.000001,Evenimente!$A$2:$A$16203,1)+2)<A13+1,"; "&INDEX(Evenimente!$B$2:$B$16203,MATCH(A13-0.000001,Evenimente!$A$2:$A$16203,1)+2)&" "&INDEX(Evenimente!$C$2:$C$16203,MATCH(A13-0.000001,Evenimente!$A$2:$A$16203,1)+2)&" "&TEXT(HOUR(INDEX(Evenimente!$A$2:$A$16203,MATCH(A13-0.000001,Evenimente!$A$2:$A$16203,1)+2)),"00")&":"&TEXT(MINUTE(INDEX(Evenimente!$A$2:$A$16203,MATCH(A13-0.000001,Evenimente!$A$2:$A$16203,1)+2)),"00")&" UTC",""),""))
A14: =IF(B14="","",$B$3+B14-1) -> 46021 | B14: =IF(ROW()-4<=$E$2,ROW()-4,"") -> 10 | C14: =IF(B14="","",IF(B14<='Timp complet'!$B$60,INT((B14-1)/'Timp complet'!$B$58)+1,IF(B14='Timp complet'!$B$60+1,"Ziua anului","Ziua bisectă"))) -> 1 | D14: =IF(B14="","",IF(B14<='Timp complet'!$B$60,MOD(B14-1,'Timp complet'!$B$58)+1,"-")) -> 10 | E14: =IF(B14="","",IF(B14<='Timp complet'!$B$60,INDEX('Nume sanscrită'!$B$21:$B$27,MOD(B14-1,7)+1),"-")) -> Miercuri | F14: =IF(B14="","",INDEX('Nume sanscrită'!$B$21:$B$27,WEEKDAY(A14,2))) -> Marți | G14: =IF(B14="","",MIN('Timp complet'!$B$54,INT((B14-1)/'Timp complet'!$B$53)+1)) -> 2 | H14: =IF(B14="","",INDEX(Evenimente!$G$2:$G$1213,MATCH(A14+1,Evenimente!$F$2:$F$1213,1))) -> 1 | I14: =IF(B14="","",IF(INDEX(Evenimente!$A$2:$A$16203,MATCH(A14-0.000001,Evenimente!$A$2:$A$16203,1)+1)<A14+1,INDEX(Evenimente!$B$2:$B$16203,MATCH(A14-0.000001,Evenimente!$A$2:$A$16203,1)+1)&" "&INDEX(Evenimente!$C$2:$C$16203,MATCH(A14-0.000001,Evenimente!$A$2:$A$16203,1)+1)&" "&TEXT(HOUR(INDEX(Evenimente!$A$2:$A$16203,MATCH(A14-0.000001,Evenimente!$A$2:$A$16203,1)+1)),"00")&":"&TEXT(MINUTE(INDEX(Evenimente!$A$2:$A$16203,MATCH(A14-0.000001,Evenimente!$A$2:$A$16203,1)+1)),"00")&" UTC"&IF(INDEX(Evenimente!$A$2:$A$16203,MATCH(A14-0.000001,Evenimente!$A$2:$A$16203,1)+2)<A14+1,"; "&INDEX(Evenimente!$B$2:$B$16203,MATCH(A14-0.000001,Evenimente!$A$2:$A$16203,1)+2)&" "&INDEX(Evenimente!$C$2:$C$16203,MATCH(A14-0.000001,Evenimente!$A$2:$A$16203,1)+2)&" "&TEXT(HOUR(INDEX(Evenimente!$A$2:$A$16203,MATCH(A14-0.000001,Evenimente!$A$2:$A$16203,1)+2)),"00")&":"&TEXT(MINUTE(INDEX(Evenimente!$A$2:$A$16203,MATCH(A14-0.000001,Evenimente!$A$2:$A$16203,1)+2)),"00")&" UTC",""),""))
A15: =IF(B15="","",$B$3+B15-1) -> 46022 | B15: =IF(ROW()-4<=$E$2,ROW()-4,"") -> 11 | C15: =IF(B15="","",IF(B15<='Timp complet'!$B$60,INT((B15-1)/'Timp complet'!$B$58)+1,IF(B15='Timp complet'!$B$60+1,"Ziua anului","Ziua bisectă"))) -> 1 | D15: =IF(B15="","",IF(B15<='Timp complet'!$B$60,MOD(B15-1,'Timp complet'!$B$58)+1,"-")) -> 11 | E15: =IF(B15="","",IF(B15<='Timp complet'!$B$60,INDEX('Nume sanscrită'!$B$21:$B$27,MOD(B15-1,7)+1),"-")) -> Joi | F15: =IF(B15="","",INDEX('Nume sanscrită'!$B$21:$B$27,WEEKDAY(A15,2))) -> Miercuri | G15: =IF(B15="","",MIN('Timp complet'!$B$54,INT((B15-1)/'Timp complet'!$B$53)+1)) -> 3 | H15: =IF(B15="","",INDEX(Evenimente!$G$2:$G$1213,MATCH(A15+1,Evenimente!$F$2:$F$1213,1))) -> 1 | I15: =IF(B15="","",IF(INDEX(Evenimente!$A$2:$A$16203,MATCH(A15-0.000001,Evenimente!$A$2:$A$16203,1)+1)<A15+1,INDEX(Evenimente!$B$2:$B$16203,MATCH(A15-0.000001,Evenimente!$A$2:$A$16203,1)+1)&" "&INDEX(Evenimente!$C$2:$C$16203,MATCH(A15-0.000001,Evenimente!$A$2:$A$16203,1)+1)&" "&TEXT(HOUR(INDEX(Evenimente!$A$2:$A$16203,MATCH(A15-0.000001,Evenimente!$A$2:$A$16203,1)+1)),"00")&":"&TEXT(MINUTE(INDEX(Evenimente!$A$2:$A$16203,MATCH(A15-0.000001,Evenimente!$A$2:$A$16203,1)+1)),"00")&" UTC"&IF(INDEX(Evenimente!$A$2:$A$16203,MATCH(A15-0.000001,Evenimente!$A$2:$A$16203,1)+2)<A15+1,"; "&INDEX(Evenimente!$B$2:$B$16203,MATCH(A15-0.000001,Evenimente!$A$2:$A$16203,1)+2)&" "&INDEX(Evenimente!$C$2:$C$16203,MATCH(A15-0.000001,Evenimente!$A$2:$A$16203,1)+2)&" "&TEXT(HOUR(INDEX(Evenimente!$A$2:$A$16203,MATCH(A15-0.000001,Evenimente!$A$2:$A$16203,1)+2)),"00")&":"&TEXT(MINUTE(INDEX(Evenimente!$A$2:$A$16203,MATCH(A15-0.000001,Evenimente!$A$2:$A$16203,1)+2)),"00")&" UTC",""),""))
A16: =IF(B16="","",$B$3+B16-1) -> 46023 | B16: =IF(ROW()-4<=$E$2,ROW()-4,"") -> 12 | C16: =IF(B16="","",IF(B16<='Timp complet'!$B$60,INT((B16-1)/'Timp complet'!$B$58)+1,IF(B16='Timp complet'!$B$60+1,"Ziua anului","Ziua bisectă"))) -> 1 | D16: =IF(B16="","",IF(B16<='Timp complet'!$B$60,MOD(B16-1,'Timp complet'!$B$58)+1,"-")) -> 12 | E16: =IF(B16="","",IF(B16<='Timp complet'!$B$60,INDEX('Nume sanscrită'!$B$21:$B$27,MOD(B16-1,7)+1),"-")) -> Vineri | F16: =IF(B16="","",INDEX('Nume sanscrită'!$B$21:$B$27,WEEKDAY(A16,2))) -> Joi | G16: =IF(B16="","",MIN('Timp complet'!$B$54,INT((B16-1)/'Timp complet'!$B$53)+1)) -> 3 | H16: =IF(B16="","",INDEX(Evenimente!$G$2:$G$1213,MATCH(A16+1,Evenimente!$F$2:$F$1213,1))) -> 1 | I16: =IF(B16="","",IF(INDEX(Evenimente!$A$2:$A$16203,MATCH(A16-0.000001,Evenimente!$A$2:$A$16203,1)+1)<A16+1,INDEX(Evenimente!$B$2:$B$16203,MATCH(A16-0.000001,Evenimente!$A$2:$A$16203,1)+1)&" "&INDEX(Evenimente!$C$2:$C$16203,MATCH(A16-0.000001,Evenimente!$A$2:$A$16203,1)+1)&" "&TEXT(HOUR(INDEX(Evenimente!$A$2:$A$16203,MATCH(A16-0.000001,Evenimente!$A$2:$A$16203,1)+1)),"00")&":"&TEXT(MINUTE(INDEX(Evenimente!$A$2:$A$16203,MATCH(A16-0.000001,Evenimente!$A$2:$A$16203,1)+1)),"00")&" UTC"&IF(INDEX(Evenimente!$A$2:$A$16203,MATCH(A16-0.000001,Evenimente!$A$2:$A$16203,1)+2)<A16+1,"; "&INDEX(Evenimente!$B$2:$B$16203,MATCH(A16-0.000001,Evenimente!$A$2:$A$16203,1)+2)&" "&INDEX(Evenimente!$C$2:$C$16203,MATCH(A16-0.000001,Evenimente!$A$2:$A$16203,1)+2)&" "&TEXT(HOUR(INDEX(Evenimente!$A$2:$A$16203,MATCH(A16-0.000001,Evenimente!$A$2:$A$16203,1)+2)),"00")&":"&TEXT(MINUTE(INDEX(Evenimente!$A$2:$A$16203,MATCH(A16-0.000001,Evenimente!$A$2:$A$16203,1)+2)),"00")&" UTC",""),""))
... A370: =IF(B370="","",$B$3+B370-1) | B370: =IF(ROW()-4<=$E$2,ROW()-4,"") | C370: =IF(B370="","",IF(B370<='Timp complet'!$B$60,INT((B370-1)/'Timp complet'!$B$58)+1,IF(B370='Timp complet'!$B$60+1,"Ziua anului","Ziua bisectă"))) | D370: =IF(B370="","",IF(B370<='Timp complet'!$B$60,MOD(B370-1,'Timp complet'!$B$58)+1,"-")) | E370: =IF(B370="","",IF(B370<='Timp complet'!$B$60,INDEX('Nume sanscrită'!$B$21:$B$27,MOD(B370-1,7)+1),"-")) | F370: =IF(B370="","",INDEX('Nume sanscrită'!$B$21:$B$27,WEEKDAY(A370,2))) | G370: =IF(B370="","",MIN('Timp complet'!$B$54,INT((B370-1)/'Timp complet'!$B$53)+1)) | H370: =IF(B370="","",INDEX(Evenimente!$G$2:$G$1213,MATCH(A370+1,Evenimente!$F$2:$F$1213,1))) | I370: =IF(B370="","",IF(INDEX(Evenimente!$A$2:$A$16203,MATCH(A370-0.000001,Evenimente!$A$2:$A$16203,1)+1)<A370+1,INDEX(Evenimente!$B$2:$B$16203,MATCH(A370-0.000001,Evenimente!$A$2:$A$16203,1)+1)&" "&INDEX(Evenimente!$C$2:$C$16203,MATCH(A370-0.000001,Evenimente!$A$2:$A$16203,1)+1)&" "&TEXT(HOUR(INDEX(Evenimente!$A$2:$A$16203,MATCH(A370-0.000001,Evenimente!$A$2:$A$16203,1)+1)),"00")&":"&TEXT(MINUTE(INDEX(Evenimente!$A$2:$A$16203,MATCH(A370-0.000001,Evenimente!$A$2:$A$16203,1)+1)),"00")&" UTC"&IF(INDEX(Evenimente!$A$2:$A$16203,MATCH(A370-0.000001,Evenimente!$A$2:$A$16203,1)+2)<A370+1,"; "&INDEX(Evenimente!$B$2:$B$16203,MATCH(A370-0.000001,Evenimente!$A$2:$A$16203,1)+2)&" "&INDEX(Evenimente!$C$2:$C$16203,MATCH(A370-0.000001,Evenimente!$A$2:$A$16203,1)+2)&" "&TEXT(HOUR(INDEX(Evenimente!$A$2:$A$16203,MATCH(A370-0.000001,Evenimente!$A$2:$A$16203,1)+2)),"00")&":"&TEXT(MINUTE(INDEX(Evenimente!$A$2:$A$16203,MATCH(A370-0.000001,Evenimente!$A$2:$A$16203,1)+2)),"00")&" UTC",""),""))

Sheet Calendar perete
A1: Calendar de perete: 13 luni × 28 de zile, anul începe la solstițiul din decembrie (nume în sanscrită, engleză și franceză, fazele Lunii)
A2: An gregorian | B2: 2026 | C2: Anul nou k | D2: =$J$2+IF(DATE($B$2,7,1)>=('Timp complet'!$B$45+'Timp complet'!$B$46*($J$2)+INT(($J$2)/'Timp complet'!$B$47)-INT(($J$2)/'Timp complet'!$B$48)),1,IF(DATE($B$2,7,1)<('Timp complet'!$B$45+'Timp complet'!$B$46*($J$2-1)+INT(($J$2-1)/'Timp complet'!$B$47)-INT(($J$2-1)/'Timp complet'!$B$48)),-1,0)) -> 15 | E2: Începe la | F2: =('Timp complet'!$B$45+'Timp complet'!$B$46*(D2-1)+INT((D2-1)/'Timp complet'!$B$47)-INT((D2-1)/'Timp complet'!$B$48)) -> 46012 | G2: Zile în an | H2: =('Timp complet'!$B$45+'Timp complet'!$B$46*(D2)+INT((D2)/'Timp complet'!$B$47)-INT((D2)/'Timp complet'!$B$48))-F2 -> 365 | I2: k estimat | J2: =INT((DATE($B$2,7,1)-'Timp complet'!$B$45)/'Timp complet'!$B$49)+1 -> 15
A3: ER · AE · era | B3: =ROUNDUP('Timp complet'!$B$51*(MOD($D$2-('Timp complet'!$B$52-YEAR('Timp complet'!$B$45)),'Timp complet'!$B$50)+1)/'Timp complet'!$B$50,0) -> 12 | C3: =MOD($D$2-('Timp complet'!$B$52-YEAR('Timp complet'!$B$45)),'Timp complet'!$B$50)-INT(($B$3-1)*'Timp complet'!$B$50/'Timp complet'!$B$51)+1 -> 1734 | D3: =INDEX(Ere!$B$5:$B$16,$B$3) & " · " & INDEX(Ere!$C$5:$C$16,$B$3) & " · " & INDEX(Ere!$D$5:$D$16,$B$3) -> Mīna · Pisces · Poissons | F3: Nume zile | G3: Tradiționale | I3: primul eveniment | J3: =MATCH($F$2-0.000001,Evenimente!$A$2:$A$16203,1) -> 6789
A4: Sus, mare: ziua din calendarul de 13 luni. Jos, mic: data gregoriană și fenomenele astronomice (UTC). Anul se alege prin anul gregorian care conține 1 iulie. Fiecare lună se tipărește pe o pagină A4 orizontală.
A5: ="Luna 1 · "&'Nume sanscrită'!F5&" · "&'Nume sanscrită'!E5&" मास" -> Luna 1 · Prathama māsa · प्रथम मास
A6: ='Nume EN-FR'!B5&" · "&'Nume EN-FR'!C5 -> First month · Premier mois
A7: ="ER "&$B$3&" ("&$D$3&") · AE "&TEXT($C$3,"0000")&" | gregorian: "&TEXT(DAY($F$2+0),"00")&"."&TEXT(MONTH($F$2+0),"00")&"."&YEAR($F$2+0)&" – "&TEXT(DAY($F$2+27),"00")&"."&TEXT(MONTH($F$2+27),"00")&"."&YEAR($F$2+27) -> ER 12 (Mīna · Pisces · Poissons) · AE 1734 | gregorian: 21.12.2025 – 17.01.2026
A8: ='Nume sanscrită'!B21&CHAR(10)&IF($G$3="Numerice",'Nume sanscrită'!G21,'Nume sanscrită'!C21)&CHAR(10)&IF($G$3="Numerice",'Nume EN-FR'!E21&" / "&'Nume EN-FR'!F21,'Nume EN-FR'!C21&" / "&'Nume EN-FR'!D21) -> Luni Somavāra Monday / lundi | B8: ='Nume sanscrită'!B22&CHAR(10)&IF($G$3="Numerice",'Nume sanscrită'!G22,'Nume sanscrită'!C22)&CHAR(10)&IF($G$3="Numerice",'Nume EN-FR'!E22&" / "&'Nume EN-FR'!F22,'Nume EN-FR'!C22&" / "&'Nume EN-FR'!D22) -> Marți Maṅgalavāra Tuesday / mardi | C8: ='Nume sanscrită'!B23&CHAR(10)&IF($G$3="Numerice",'Nume sanscrită'!G23,'Nume sanscrită'!C23)&CHAR(10)&IF($G$3="Numerice",'Nume EN-FR'!E23&" / "&'Nume EN-FR'!F23,'Nume EN-FR'!C23&" / "&'Nume EN-FR'!D23) -> Miercuri Budhavāra Wednesday / mercredi | D8: ='Nume sanscrită'!B24&CHAR(10)&IF($G$3="Numerice",'Nume sanscrită'!G24,'Nume sanscrită'!C24)&CHAR(10)&IF($G$3="Numerice",'Nume EN-FR'!E24&" / "&'Nume EN-FR'!F24,'Nume EN-FR'!C24&" / "&'Nume EN-FR'!D24) -> Joi Guruvāra Thursday / jeudi | E8: ='Nume sanscrită'!B25&CHAR(10)&IF($G$3="Numerice",'Nume sanscrită'!G25,'Nume sanscrită'!C25)&CHAR(10)&IF($G$3="Numerice",'Nume EN-FR'!E25&" / "&'Nume EN-FR'!F25,'Nume EN-FR'!C25&" / "&'Nume EN-FR'!D25) -> Vineri Śukravāra Friday / vendredi | F8: ='Nume sanscrită'!B26&CHAR(10)&IF($G$3="Numerice",'Nume sanscrită'!G26,'Nume sanscrită'!C26)&CHAR(10)&IF($G$3="Numerice",'Nume EN-FR'!E26&" / "&'Nume EN-FR'!F26,'Nume EN-FR'!C26&" / "&'Nume EN-FR'!D26) -> Sâmbătă Śanivāra Saturday / samedi | G8: ='Nume sanscrită'!B27&CHAR(10)&IF($G$3="Numerice",'Nume sanscrită'!G27,'Nume sanscrită'!C27)&CHAR(10)&IF($G$3="Numerice",'Nume EN-FR'!E27&" / "&'Nume EN-FR'!F27,'Nume EN-FR'!C27&" / "&'Nume EN-FR'!D27) -> Duminică Ravivāra Sunday / dimanche
A9: 1 | B9: 2 | C9: 3 | D9: 4 | E9: 5 | F9: 6 | G9: 7
A10: =DAY($F$2+0)&" "&CHOOSE(MONTH($F$2+0),"ian","feb","mar","apr","mai","iun","iul","aug","sep","oct","nov","dec")&IF(INDEX(Evenimente!$A$2:$A$16203,MATCH($F$2+0-0.000001,Evenimente!$A$2:$A$16203,1)+1)<$F$2+0+1," "&INDEX(Evenimente!$B$2:$B$16203,MATCH($F$2+0-0.000001,Evenimente!$A$2:$A$16203,1)+1)&IF(INDEX(Evenimente!$A$2:$A$16203,MATCH($F$2+0-0.000001,Evenimente!$A$2:$A$16203,1)+2)<$F$2+0+1," "&INDEX(Evenimente!$B$2:$B$16203,MATCH($F$2+0-0.000001,Evenimente!$A$2:$A$16203,1)+2),""),"") -> 21 dec ☀ | B10: =DAY($F$2+1)&" "&CHOOSE(MONTH($F$2+1),"ian","feb","mar","apr","mai","iun","iul","aug","sep","oct","nov","dec")&IF(INDEX(Evenimente!$A$2:$A$16203,MATCH($F$2+1-0.000001,Evenimente!$A$2:$A$16203,1)+1)<$F$2+1+1," "&INDEX(Evenimente!$B$2:$B$16203,MATCH($F$2+1-0.000001,Evenimente!$A$2:$A$16203,1)+1)&IF(INDEX(Evenimente!$A$2:$A$16203,MATCH($F$2+1-0.000001,Evenimente!$A$2:$A$16203,1)+2)<$F$2+1+1," "&INDEX(Evenimente!$B$2:$B$16203,MATCH($F$2+1-0.000001,Evenimente!$A$2:$A$16203,1)+2),""),"") -> 22 dec | C10: =DAY($F$2+2)&" "&CHOOSE(MONTH($F$2+2),"ian","feb","mar","apr","mai","iun","iul","aug","sep","oct","nov","dec")&IF(INDEX(Evenimente!$A$2:$A$16203,MATCH($F$2+2-0.000001,Evenimente!$A$2:$A$16203,1)+1)<$F$2+2+1," "&INDEX(Evenimente!$B$2:$B$16203,MATCH($F$2+2-0.000001,Evenimente!$A$2:$A$16203,1)+1)&IF(INDEX(Evenimente!$A$2:$A$16203,MATCH($F$2+2-0.000001,Evenimente!$A$2:$A$16203,1)+2)<$F$2+2+1," "&INDEX(Evenimente!$B$2:$B$16203,MATCH($F$2+2-0.000001,Evenimente!$A$2:$A$16203,1)+2),""),"") -> 23 dec | D10: =DAY($F$2+3)&" "&CHOOSE(MONTH($F$2+3),"ian","feb","mar","apr","mai","iun","iul","aug","sep","oct","nov","dec")&IF(INDEX(Evenimente!$A$2:$A$16203,MATCH($F$2+3-0.000001,Evenimente!$A$2:$A$16203,1)+1)<$F$2+3+1," "&INDEX(Evenimente!$B$2:$B$16203,MATCH($F$2+3-0.000001,Evenimente!$A$2:$A$16203,1)+1)&IF(INDEX(Evenimente!$A$2:$A$16203,MATCH($F$2+3-0.000001,Evenimente!$A$2:$A$16203,1)+2)<$F$2+3+1," "&INDEX(Evenimente!$B$2:$B$16203,MATCH($F$2+3-0.000001,Evenimente!$A$2:$A$16203,1)+2),""),"") -> 24 dec | E10: =DAY($F$2+4)&" "&CHOOSE(MONTH($F$2+4),"ian","feb","mar","apr","mai","iun","iul","aug","sep","oct","nov","dec")&IF(INDEX(Evenimente!$A$2:$A$16203,MATCH($F$2+4-0.000001,Evenimente!$A$2:$A$16203,1)+1)<$F$2+4+1," "&INDEX(Evenimente!$B$2:$B$16203,MATCH($F$2+4-0.000001,Evenimente!$A$2:$A$16203,1)+1)&IF(INDEX(Evenimente!$A$2:$A$16203,MATCH($F$2+4-0.000001,Evenimente!$A$2:$A$16203,1)+2)<$F$2+4+1," "&INDEX(Evenimente!$B$2:$B$16203,MATCH($F$2+4-0.000001,Evenimente!$A$2:$A$16203,1)+2),""),"") -> 25 dec | F10: =DAY($F$2+5)&" "&CHOOSE(MONTH($F$2+5),"ian","feb","mar","apr","mai","iun","iul","aug","sep","oct","nov","dec")&IF(INDEX(Evenimente!$A$2:$A$16203,MATCH($F$2+5-0.000001,Evenimente!$A$2:$A$16203,1)+1)<$F$2+5+1," "&INDEX(Evenimente!$B$2:$B$16203,MATCH($F$2+5-0.000001,Evenimente!$A$2:$A$16203,1)+1)&IF(INDEX(Evenimente!$A$2:$A$16203,MATCH($F$2+5-0.000001,Evenimente!$A$2:$A$16203,1)+2)<$F$2+5+1," "&INDEX(Evenimente!$B$2:$B$16203,MATCH($F$2+5-0.000001,Evenimente!$A$2:$A$16203,1)+2),""),"") -> 26 dec | G10: =DAY($F$2+6)&" "&CHOOSE(MONTH($F$2+6),"ian","feb","mar","apr","mai","iun","iul","aug","sep","oct","nov","dec")&IF(INDEX(Evenimente!$A$2:$A$16203,MATCH($F$2+6-0.000001,Evenimente!$A$2:$A$16203,1)+1)<$F$2+6+1," "&INDEX(Evenimente!$B$2:$B$16203,MATCH($F$2+6-0.000001,Evenimente!$A$2:$A$16203,1)+1)&IF(INDEX(Evenimente!$A$2:$A$16203,MATCH($F$2+6-0.000001,Evenimente!$A$2:$A$16203,1)+2)<$F$2+6+1," "&INDEX(Evenimente!$B$2:$B$16203,MATCH($F$2+6-0.000001,Evenimente!$A$2:$A$16203,1)+2),""),"") -> 27 dec ◐
A11: 8 | B11: 9 | C11: 10 | D11: 11 | E11: 12 | F11: 13 | G11: 14
A12: =DAY($F$2+7)&" "&CHOOSE(MONTH($F$2+7),"ian","feb","mar","apr","mai","iun","iul","aug","sep","oct","nov","dec")&IF(INDEX(Evenimente!$A$2:$A$16203,MATCH($F$2+7-0.000001,Evenimente!$A$2:$A$16203,1)+1)<$F$2+7+1," "&INDEX(Evenimente!$B$2:$B$16203,MATCH($F$2+7-0.000001,Evenimente!$A$2:$A$16203,1)+1)&IF(INDEX(Evenimente!$A$2:$A$16203,MATCH($F$2+7-0.000001,Evenimente!$A$2:$A$16203,1)+2)<$F$2+7+1," "&INDEX(Evenimente!$B$2:$B$16203,MATCH($F$2+7-0.000001,Evenimente!$A$2:$A$16203,1)+2),""),"") -> 28 dec | B12: =DAY($F$2+8)&" "&CHOOSE(MONTH($F$2+8),"ian","feb","mar","apr","mai","iun","iul","aug","sep","oct","nov","dec")&IF(INDEX(Evenimente!$A$2:$A$16203,MATCH($F$2+8-0.000001,Evenimente!$A$2:$A$16203,1)+1)<$F$2+8+1," "&INDEX(Evenimente!$B$2:$B$16203,MATCH($F$2+8-0.000001,Evenimente!$A$2:$A$16203,1)+1)&IF(INDEX(Evenimente!$A$2:$A$16203,MATCH($F$2+8-0.000001,Evenimente!$A$2:$A$16203,1)+2)<$F$2+8+1," "&INDEX(Evenimente!$B$2:$B$16203,MATCH($F$2+8-0.000001,Evenimente!$A$2:$A$16203,1)+2),""),"") -> 29 dec | C12: =DAY($F$2+9)&" "&CHOOSE(MONTH($F$2+9),"ian","feb","mar","apr","mai","iun","iul","aug","sep","oct","nov","dec")&IF(INDEX(Evenimente!$A$2:$A$16203,MATCH($F$2+9-0.000001,Evenimente!$A$2:$A$16203,1)+1)<$F$2+9+1," "&INDEX(Evenimente!$B$2:$B$16203,MATCH($F$2+9-0.000001,Evenimente!$A$2:$A$16203,1)+1)&IF(INDEX(Evenimente!$A$2:$A$16203,MATCH($F$2+9-0.000001,Evenimente!$A$2:$A$16203,1)+2)<$F$2+9+1," "&INDEX(Evenimente!$B$2:$B$16203,MATCH($F$2+9-0.000001,Evenimente!$A$2:$A$16203,1)+2),""),"") -> 30 dec | D12: =DAY($F$2+10)&" "&CHOOSE(MONTH($F$2+10),"ian","feb","mar","apr","mai","iun","iul","aug","sep","oct","nov","dec")&IF(INDEX(Evenimente!$A$2:$A$16203,MATCH($F$2+10-0.000001,Evenimente!$A$2:$A$16203,1)+1)<$F$2+10+1," "&INDEX(Evenimente!$B$2:$B$16203,MATCH($F$2+10-0.000001,Evenimente!$A$2:$A$16203,1)+1)&IF(INDEX(Evenimente!$A$2:$A$16203,MATCH($F$2+10-0.000001,Evenimente!$A$2:$A$16203,1)+2)<$F$2+10+1," "&INDEX(Evenimente!$B$2:$B$16203,MATCH($F$2+10-0.000001,Evenimente!$A$2:$A$16203,1)+2),""),"") -> 31 dec | E12: =DAY($F$2+11)&" "&CHOOSE(MONTH($F$2+11),"ian","feb","mar","apr","mai","iun","iul","aug","sep","oct","nov","dec")&IF(INDEX(Evenimente!$A$2:$A$16203,MATCH($F$2+11-0.000001,Evenimente!$A$2:$A$16203,1)+1)<$F$2+11+1," "&INDEX(Evenimente!$B$2:$B$16203,MATCH($F$2+11-0.000001,Evenimente!$A$2:$A$16203,1)+1)&IF(INDEX(Evenimente!$A$2:$A$16203,MATCH($F$2+11-0.000001,Evenimente!$A$2:$A$16203,1)+2)<$F$2+11+1," "&INDEX(Evenimente!$B$2:$B$16203,MATCH($F$2+11-0.000001,Evenimente!$A$2:$A$16203,1)+2),""),"") -> 1 ian | F12: =DAY($F$2+12)&" "&CHOOSE(MONTH($F$2+12),"ian","feb","mar","apr","mai","iun","iul","aug","sep","oct","nov","dec")&IF(INDEX(Evenimente!$A$2:$A$16203,MATCH($F$2+12-0.000001,Evenimente!$A$2:$A$16203,1)+1)<$F$2+12+1," "&INDEX(Evenimente!$B$2:$B$16203,MATCH($F$2+12-0.000001,Evenimente!$A$2:$A$16203,1)+1)&IF(INDEX(Evenimente!$A$2:$A$16203,MATCH($F$2+12-0.000001,Evenimente!$A$2:$A$16203,1)+2)<$F$2+12+1," "&INDEX(Evenimente!$B$2:$B$16203,MATCH($F$2+12-0.000001,Evenimente!$A$2:$A$16203,1)+2),""),"") -> 2 ian | G12: =DAY($F$2+13)&" "&CHOOSE(MONTH($F$2+13),"ian","feb","mar","apr","mai","iun","iul","aug","sep","oct","nov","dec")&IF(INDEX(Evenimente!$A$2:$A$16203,MATCH($F$2+13-0.000001,Evenimente!$A$2:$A$16203,1)+1)<$F$2+13+1," "&INDEX(Evenimente!$B$2:$B$16203,MATCH($F$2+13-0.000001,Evenimente!$A$2:$A$16203,1)+1)&IF(INDEX(Evenimente!$A$2:$A$16203,MATCH($F$2+13-0.000001,Evenimente!$A$2:$A$16203,1)+2)<$F$2+13+1," "&INDEX(Evenimente!$B$2:$B$16203,MATCH($F$2+13-0.000001,Evenimente!$A$2:$A$16203,1)+2),""),"") -> 3 ian ○
A13: 15 | B13: 16 | C13: 17 | D13: 18 | E13: 19 | F13: 20 | G13: 21
A14: =DAY($F$2+14)&" "&CHOOSE(MONTH($F$2+14),"ian","feb","mar","apr","mai","iun","iul","aug","sep","oct","nov","dec")&IF(INDEX(Evenimente!$A$2:$A$16203,MATCH($F$2+14-0.000001,Evenimente!$A$2:$A$16203,1)+1)<$F$2+14+1," "&INDEX(Evenimente!$B$2:$B$16203,MATCH($F$2+14-0.000001,Evenimente!$A$2:$A$16203,1)+1)&IF(INDEX(Evenimente!$A$2:$A$16203,MATCH($F$2+14-0.000001,Evenimente!$A$2:$A$16203,1)+2)<$F$2+14+1," "&INDEX(Evenimente!$B$2:$B$16203,MATCH($F$2+14-0.000001,Evenimente!$A$2:$A$16203,1)+2),""),"") -> 4 ian | B14: =DAY($F$2+15)&" "&CHOOSE(MONTH($F$2+15),"ian","feb","mar","apr","mai","iun","iul","aug","sep","oct","nov","dec")&IF(INDEX(Evenimente!$A$2:$A$16203,MATCH($F$2+15-0.000001,Evenimente!$A$2:$A$16203,1)+1)<$F$2+15+1," "&INDEX(Evenimente!$B$2:$B$16203,MATCH($F$2+15-0.000001,Evenimente!$A$2:$A$16203,1)+1)&IF(INDEX(Evenimente!$A$2:$A$16203,MATCH($F$2+15-0.000001,Evenimente!$A$2:$A$16203,1)+2)<$F$2+15+1," "&INDEX(Evenimente!$B$2:$B$16203,MATCH($F$2+15-0.000001,Evenimente!$A$2:$A$16203,1)+2),""),"") -> 5 ian | C14: =DAY($F$2+16)&" "&CHOOSE(MONTH($F$2+16),"ian","feb","mar","apr","mai","iun","iul","aug","sep","oct","nov","dec")&IF(INDEX(Evenimente!$A$2:$A$16203,MATCH($F$2+16-0.000001,Evenimente!$A$2:$A$16203,1)+1)<$F$2+16+1," "&INDEX(Evenimente!$B$2:$B$16203,MATCH($F$2+16-0.000001,Evenimente!$A$2:$A$16203,1)+1)&IF(INDEX(Evenimente!$A$2:$A$16203,MATCH($F$2+16-0.000001,Evenimente!$A$2:$A$16203,1)+2)<$F$2+16+1," "&INDEX(Evenimente!$B$2:$B$16203,MATCH($F$2+16-0.000001,Evenimente!$A$2:$A$16203,1)+2),""),"") -> 6 ian | D14: =DAY($F$2+17)&" "&CHOOSE(MONTH($F$2+17),"ian","feb","mar","apr","mai","iun","iul","aug","sep","oct","nov","dec")&IF(INDEX(Evenimente!$A$2:$A$16203,MATCH($F$2+17-0.000001,Evenimente!$A$2:$A$16203,1)+1)<$F$2+17+1," "&INDEX(Evenimente!$B$2:$B$16203,MATCH($F$2+17-0.000001,Evenimente!$A$2:$A$16203,1)+1)&IF(INDEX(Evenimente!$A$2:$A$16203,MATCH($F$2+17-0.000001,Evenimente!$A$2:$A$16203,1)+2)<$F$2+17+1," "&INDEX(Evenimente!$B$2:$B$16203,MATCH($F$2+17-0.000001,Evenimente!$A$2:$A$16203,1)+2),""),"") -> 7 ian | E14: =DAY($F$2+18)&" "&CHOOSE(MONTH($F$2+18),"ian","feb","mar","apr","mai","iun","iul","aug","sep","oct","nov","dec")&IF(INDEX(Evenimente!$A$2:$A$16203,MATCH($F$2+18-0.000001,Evenimente!$A$2:$A$16203,1)+1)<$F$2+18+1," "&INDEX(Evenimente!$B$2:$B$16203,MATCH($F$2+18-0.000001,Evenimente!$A$2:$A$16203,1)+1)&IF(INDEX(Evenimente!$A$2:$A$16203,MATCH($F$2+18-0.000001,Evenimente!$A$2:$A$16203,1)+2)<$F$2+18+1," "&INDEX(Evenimente!$B$2:$B$16203,MATCH($F$2+18-0.000001,Evenimente!$A$2:$A$16203,1)+2),""),"") -> 8 ian | F14: =DAY($F$2+19)&" "&CHOOSE(MONTH($F$2+19),"ian","feb","mar","apr","mai","iun","iul","aug","sep","oct","nov","dec")&IF(INDEX(Evenimente!$A$2:$A$16203,MATCH($F$2+19-0.000001,Evenimente!$A$2:$A$16203,1)+1)<$F$2+19+1," "&INDEX(Evenimente!$B$2:$B$16203,MATCH($F$2+19-0.000001,Evenimente!$A$2:$A$16203,1)+1)&IF(INDEX(Evenimente!$A$2:$A$16203,MATCH($F$2+19-0.000001,Evenimente!$A$2:$A$16203,1)+2)<$F$2+19+1," "&INDEX(Evenimente!$B$2:$B$16203,MATCH($F$2+19-0.000001,Evenimente!$A$2:$A$16203,1)+2),""),"") -> 9 ian | G14: =DAY($F$2+20)&" "&CHOOSE(MONTH($F$2+20),"ian","feb","mar","apr","mai","iun","iul","aug","sep","oct","nov","dec")&IF(INDEX(Evenimente!$A$2:$A$16203,MATCH($F$2+20-0.000001,Evenimente!$A$2:$A$16203,1)+1)<$F$2+20+1," "&INDEX(Evenimente!$B$2:$B$16203,MATCH($F$2+20-0.000001,Evenimente!$A$2:$A$16203,1)+1)&IF(INDEX(Evenimente!$A$2:$A$16203,MATCH($F$2+20-0.000001,Evenimente!$A$2:$A$16203,1)+2)<$F$2+20+1," "&INDEX(Evenimente!$B$2:$B$16203,MATCH($F$2+20-0.000001,Evenimente!$A$2:$A$16203,1)+2),""),"") -> 10 ian ◑
A15: 22 | B15: 23 | C15: 24 | D15: 25 | E15: 26 | F15: 27 | G15: 28
A16: =DAY($F$2+21)&" "&CHOOSE(MONTH($F$2+21),"ian","feb","mar","apr","mai","iun","iul","aug","sep","oct","nov","dec")&IF(INDEX(Evenimente!$A$2:$A$16203,MATCH($F$2+21-0.000001,Evenimente!$A$2:$A$16203,1)+1)<$F$2+21+1," "&INDEX(Evenimente!$B$2:$B$16203,MATCH($F$2+21-0.000001,Evenimente!$A$2:$A$16203,1)+1)&IF(INDEX(Evenimente!$A$2:$A$16203,MATCH($F$2+21-0.000001,Evenimente!$A$2:$A$16203,1)+2)<$F$2+21+1," "&INDEX(Evenimente!$B$2:$B$16203,MATCH($F$2+21-0.000001,Evenimente!$A$2:$A$16203,1)+2),""),"") -> 11 ian | B16: =DAY($F$2+22)&" "&CHOOSE(MONTH($F$2+22),"ian","feb","mar","apr","mai","iun","iul","aug","sep","oct","nov","dec")&IF(INDEX(Evenimente!$A$2:$A$16203,MATCH($F$2+22-0.000001,Evenimente!$A$2:$A$16203,1)+1)<$F$2+22+1," "&INDEX(Evenimente!$B$2:$B$16203,MATCH($F$2+22-0.000001,Evenimente!$A$2:$A$16203,1)+1)&IF(INDEX(Evenimente!$A$2:$A$16203,MATCH($F$2+22-0.000001,Evenimente!$A$2:$A$16203,1)+2)<$F$2+22+1," "&INDEX(Evenimente!$B$2:$B$16203,MATCH($F$2+22-0.000001,Evenimente!$A$2:$A$16203,1)+2),""),"") -> 12 ian | C16: =DAY($F$2+23)&" "&CHOOSE(MONTH($F$2+23),"ian","feb","mar","apr","mai","iun","iul","aug","sep","oct","nov","dec")&IF(INDEX(Evenimente!$A$2:$A$16203,MATCH($F$2+23-0.000001,Evenimente!$A$2:$A$16203,1)+1)<$F$2+23+1," "&INDEX(Evenimente!$B$2:$B$16203,MATCH($F$2+23-0.000001,Evenimente!$A$2:$A$16203,1)+1)&IF(INDEX(Evenimente!$A$2:$A$16203,MATCH($F$2+23-0.000001,Evenimente!$A$2:$A$16203,1)+2)<$F$2+23+1," "&INDEX(Evenimente!$B$2:$B$16203,MATCH($F$2+23-0.000001,Evenimente!$A$2:$A$16203,1)+2),""),"") -> 13 ian | D16: =DAY($F$2+24)&" "&CHOOSE(MONTH($F$2+24),"ian","feb","mar","apr","mai","iun","iul","aug","sep","oct","nov","dec")&IF(INDEX(Evenimente!$A$2:$A$16203,MATCH($F$2+24-0.000001,Evenimente!$A$2:$A$16203,1)+1)<$F$2+24+1," "&INDEX(Evenimente!$B$2:$B$16203,MATCH($F$2+24-0.000001,Evenimente!$A$2:$A$16203,1)+1)&IF(INDEX(Evenimente!$A$2:$A$16203,MATCH($F$2+24-0.000001,Evenimente!$A$2:$A$16203,1)+2)<$F$2+24+1," "&INDEX(Evenimente!$B$2:$B$16203,MATCH($F$2+24-0.000001,Evenimente!$A$2:$A$16203,1)+2),""),"") -> 14 ian | E16: =DAY($F$2+25)&" "&CHOOSE(MONTH($F$2+25),"ian","feb","mar","apr","mai","iun","iul","aug","sep","oct","nov","dec")&IF(INDEX(Evenimente!$A$2:$A$16203,MATCH($F$2+25-0.000001,Evenimente!$A$2:$A$16203,1)+1)<$F$2+25+1," "&INDEX(Evenimente!$B$2:$B$16203,MATCH($F$2+25-0.000001,Evenimente!$A$2:$A$16203,1)+1)&IF(INDEX(Evenimente!$A$2:$A$16203,MATCH($F$2+25-0.000001,Evenimente!$A$2:$A$16203,1)+2)<$F$2+25+1," "&INDEX(Evenimente!$B$2:$B$16203,MATCH($F$2+25-0.000001,Evenimente!$A$2:$A$16203,1)+2),""),"") -> 15 ian | F16: =DAY($F$2+26)&" "&CHOOSE(MONTH($F$2+26),"ian","feb","mar","apr","mai","iun","iul","aug","sep","oct","nov","dec")&IF(INDEX(Evenimente!$A$2:$A$16203,MATCH($F$2+26-0.000001,Evenimente!$A$2:$A$16203,1)+1)<$F$2+26+1," "&INDEX(Evenimente!$B$2:$B$16203,MATCH($F$2+26-0.000001,Evenimente!$A$2:$A$16203,1)+1)&IF(INDEX(Evenimente!$A$2:$A$16203,MATCH($F$2+26-0.000001,Evenimente!$A$2:$A$16203,1)+2)<$F$2+26+1," "&INDEX(Evenimente!$B$2:$B$16203,MATCH($F$2+26-0.000001,Evenimente!$A$2:$A$16203,1)+2),""),"") -> 16 ian | G16: =DAY($F$2+27)&" "&CHOOSE(MONTH($F$2+27),"ian","feb","mar","apr","mai","iun","iul","aug","sep","oct","nov","dec")&IF(INDEX(Evenimente!$A$2:$A$16203,MATCH($F$2+27-0.000001,Evenimente!$A$2:$A$16203,1)+1)<$F$2+27+1," "&INDEX(Evenimente!$B$2:$B$16203,MATCH($F$2+27-0.000001,Evenimente!$A$2:$A$16203,1)+1)&IF(INDEX(Evenimente!$A$2:$A$16203,MATCH($F$2+27-0.000001,Evenimente!$A$2:$A$16203,1)+2)<$F$2+27+1," "&INDEX(Evenimente!$B$2:$B$16203,MATCH($F$2+27-0.000001,Evenimente!$A$2:$A$16203,1)+2),""),"") -> 17 ian
A17: ● lună nouă ◐ primul pătrar ○ lună plină ◑ ultimul pătrar ☀ solstițiu / echinocțiu ⊗ eclipsă posibilă (fenomenele sunt în UTC)
A18: ="Luna 2 · "&'Nume sanscrită'!F6&" · "&'Nume sanscrită'!E6&" मास" -> Luna 2 · Dvitīya māsa · द्वितीय मास
A19: ='Nume EN-FR'!B6&" · "&'Nume EN-FR'!C6 -> Second month · Deuxième mois
A20: ="ER "&$B$3&" ("&$D$3&") · AE "&TEXT($C$3,"0000")&" | gregorian: "&TEXT(DAY($F$2+28),"00")&"."&TEXT(MONTH($F$2+28),"00")&"."&YEAR($F$2+28)&" – "&TEXT(DAY($F$2+55),"00")&"."&TEXT(MONTH($F$2+55),"00")&"."&YEAR($F$2+55) -> ER 12 (Mīna · Pisces · Poissons) · AE 1734 | gregorian: 18.01.2026 – 14.02.2026
A21: ='Nume sanscrită'!B21&CHAR(10)&IF($G$3="Numerice",'Nume sanscrită'!G21,'Nume sanscrită'!C21)&CHAR(10)&IF($G$3="Numerice",'Nume EN-FR'!E21&" / "&'Nume EN-FR'!F21,'Nume EN-FR'!C21&" / "&'Nume EN-FR'!D21) -> Luni Somavāra Monday / lundi | B21: ='Nume sanscrită'!B22&CHAR(10)&IF($G$3="Numerice",'Nume sanscrită'!G22,'Nume sanscrită'!C22)&CHAR(10)&IF($G$3="Numerice",'Nume EN-FR'!E22&" / "&'Nume EN-FR'!F22,'Nume EN-FR'!C22&" / "&'Nume EN-FR'!D22) -> Marți Maṅgalavāra Tuesday / mardi | C21: ='Nume sanscrită'!B23&CHAR(10)&IF($G$3="Numerice",'Nume sanscrită'!G23,'Nume sanscrită'!C23)&CHAR(10)&IF($G$3="Numerice",'Nume EN-FR'!E23&" / "&'Nume EN-FR'!F23,'Nume EN-FR'!C23&" / "&'Nume EN-FR'!D23) -> Miercuri Budhavāra Wednesday / mercredi | D21: ='Nume sanscrită'!B24&CHAR(10)&IF($G$3="Numerice",'Nume sanscrită'!G24,'Nume sanscrită'!C24)&CHAR(10)&IF($G$3="Numerice",'Nume EN-FR'!E24&" / "&'Nume EN-FR'!F24,'Nume EN-FR'!C24&" / "&'Nume EN-FR'!D24) -> Joi Guruvāra Thursday / jeudi | E21: ='Nume sanscrită'!B25&CHAR(10)&IF($G$3="Numerice",'Nume sanscrită'!G25,'Nume sanscrită'!C25)&CHAR(10)&IF($G$3="Numerice",'Nume EN-FR'!E25&" / "&'Nume EN-FR'!F25,'Nume EN-FR'!C25&" / "&'Nume EN-FR'!D25) -> Vineri Śukravāra Friday / vendredi | F21: ='Nume sanscrită'!B26&CHAR(10)&IF($G$3="Numerice",'Nume sanscrită'!G26,'Nume sanscrită'!C26)&CHAR(10)&IF($G$3="Numerice",'Nume EN-FR'!E26&" / "&'Nume EN-FR'!F26,'Nume EN-FR'!C26&" / "&'Nume EN-FR'!D26) -> Sâmbătă Śanivāra Saturday / samedi | G21: ='Nume sanscrită'!B27&CHAR(10)&IF($G$3="Numerice",'Nume sanscrită'!G27,'Nume sanscrită'!C27)&CHAR(10)&IF($G$3="Numerice",'Nume EN-FR'!E27&" / "&'Nume EN-FR'!F27,'Nume EN-FR'!C27&" / "&'Nume EN-FR'!D27) -> Duminică Ravivāra Sunday / dimanche
A22: 1 | B22: 2 | C22: 3 | D22: 4 | E22: 5 | F22: 6 | G22: 7
A23: =DAY($F$2+28)&" "&CHOOSE(MONTH($F$2+28),"ian","feb","mar","apr","mai","iun","iul","aug","sep","oct","nov","dec")&IF(INDEX(Evenimente!$A$2:$A$16203,MATCH($F$2+28-0.000001,Evenimente!$A$2:$A$16203,1)+1)<$F$2+28+1," "&INDEX(Evenimente!$B$2:$B$16203,MATCH($F$2+28-0.000001,Evenimente!$A$2:$A$16203,1)+1)&IF(INDEX(Evenimente!$A$2:$A$16203,MATCH($F$2+28-0.000001,Evenimente!$A$2:$A$16203,1)+2)<$F$2+28+1," "&INDEX(Evenimente!$B$2:$B$16203,MATCH($F$2+28-0.000001,Evenimente!$A$2:$A$16203,1)+2),""),"") -> 18 ian ● | B23: =DAY($F$2+29)&" "&CHOOSE(MONTH($F$2+29),"ian","feb","mar","apr","mai","iun","iul","aug","sep","oct","nov","dec")&IF(INDEX(Evenimente!$A$2:$A$16203,MATCH($F$2+29-0.000001,Evenimente!$A$2:$A$16203,1)+1)<$F$2+29+1," "&INDEX(Evenimente!$B$2:$B$16203,MATCH($F$2+29-0.000001,Evenimente!$A$2:$A$16203,1)+1)&IF(INDEX(Evenimente!$A$2:$A$16203,MATCH($F$2+29-0.000001,Evenimente!$A$2:$A$16203,1)+2)<$F$2+29+1," "&INDEX(Evenimente!$B$2:$B$16203,MATCH($F$2+29-0.000001,Evenimente!$A$2:$A$16203,1)+2),""),"") -> 19 ian | C23: =DAY($F$2+30)&" "&CHOOSE(MONTH($F$2+30),"ian","feb","mar","apr","mai","iun","iul","aug","sep","oct","nov","dec")&IF(INDEX(Evenimente!$A$2:$A$16203,MATCH($F$2+30-0.000001,Evenimente!$A$2:$A$16203,1)+1)<$F$2+30+1," "&INDEX(Evenimente!$B$2:$B$16203,MATCH($F$2+30-0.000001,Evenimente!$A$2:$A$16203,1)+1)&IF(INDEX(Evenimente!$A$2:$A$16203,MATCH($F$2+30-0.000001,Evenimente!$A$2:$A$16203,1)+2)<$F$2+30+1," "&INDEX(Evenimente!$B$2:$B$16203,MATCH($F$2+30-0.000001,Evenimente!$A$2:$A$16203,1)+2),""),"") -> 20 ian | D23: =DAY($F$2+31)&" "&CHOOSE(MONTH($F$2+31),"ian","feb","mar","apr","mai","iun","iul","aug","sep","oct","nov","dec")&IF(INDEX(Evenimente!$A$2:$A$16203,MATCH($F$2+31-0.000001,Evenimente!$A$2:$A$16203,1)+1)<$F$2+31+1," "&INDEX(Evenimente!$B$2:$B$16203,MATCH($F$2+31-0.000001,Evenimente!$A$2:$A$16203,1)+1)&IF(INDEX(Evenimente!$A$2:$A$16203,MATCH($F$2+31-0.000001,Evenimente!$A$2:$A$16203,1)+2)<$F$2+31+1," "&INDEX(Evenimente!$B$2:$B$16203,MATCH($F$2+31-0.000001,Evenimente!$A$2:$A$16203,1)+2),""),"") -> 21 ian | E23: =DAY($F$2+32)&" "&CHOOSE(MONTH($F$2+32),"ian","feb","mar","apr","mai","iun","iul","aug","sep","oct","nov","dec")&IF(INDEX(Evenimente!$A$2:$A$16203,MATCH($F$2+32-0.000001,Evenimente!$A$2:$A$16203,1)+1)<$F$2+32+1," "&INDEX(Evenimente!$B$2:$B$16203,MATCH($F$2+32-0.000001,Evenimente!$A$2:$A$16203,1)+1)&IF(INDEX(Evenimente!$A$2:$A$16203,MATCH($F$2+32-0.000001,Evenimente!$A$2:$A$16203,1)+2)<$F$2+32+1," "&INDEX(Evenimente!$B$2:$B$16203,MATCH($F$2+32-0.000001,Evenimente!$A$2:$A$16203,1)+2),""),"") -> 22 ian | F23: =DAY($F$2+33)&" "&CHOOSE(MONTH($F$2+33),"ian","feb","mar","apr","mai","iun","iul","aug","sep","oct","nov","dec")&IF(INDEX(Evenimente!$A$2:$A$16203,MATCH($F$2+33-0.000001,Evenimente!$A$2:$A$16203,1)+1)<$F$2+33+1," "&INDEX(Evenimente!$B$2:$B$16203,MATCH($F$2+33-0.000001,Evenimente!$A$2:$A$16203,1)+1)&IF(INDEX(Evenimente!$A$2:$A$16203,MATCH($F$2+33-0.000001,Evenimente!$A$2:$A$16203,1)+2)<$F$2+33+1," "&INDEX(Evenimente!$B$2:$B$16203,MATCH($F$2+33-0.000001,Evenimente!$A$2:$A$16203,1)+2),""),"") -> 23 ian | G23: =DAY($F$2+34)&" "&CHOOSE(MONTH($F$2+34),"ian","feb","mar","apr","mai","iun","iul","aug","sep","oct","nov","dec")&IF(INDEX(Evenimente!$A$2:$A$16203,MATCH($F$2+34-0.000001,Evenimente!$A$2:$A$16203,1)+1)<$F$2+34+1," "&INDEX(Evenimente!$B$2:$B$16203,MATCH($F$2+34-0.000001,Evenimente!$A$2:$A$16203,1)+1)&IF(INDEX(Evenimente!$A$2:$A$16203,MATCH($F$2+34-0.000001,Evenimente!$A$2:$A$16203,1)+2)<$F$2+34+1," "&INDEX(Evenimente!$B$2:$B$16203,MATCH($F$2+34-0.000001,Evenimente!$A$2:$A$16203,1)+2),""),"") -> 24 ian
A24: 8 | B24: 9 | C24: 10 | D24: 11 | E24: 12 | F24: 13 | G24: 14
A25: =DAY($F$2+35)&" "&CHOOSE(MONTH($F$2+35),"ian","feb","mar","apr","mai","iun","iul","aug","sep","oct","nov","dec")&IF(INDEX(Evenimente!$A$2:$A$16203,MATCH($F$2+35-0.000001,Evenimente!$A$2:$A$16203,1)+1)<$F$2+35+1," "&INDEX(Evenimente!$B$2:$B$16203,MATCH($F$2+35-0.000001,Evenimente!$A$2:$A$16203,1)+1)&IF(INDEX(Evenimente!$A$2:$A$16203,MATCH($F$2+35-0.000001,Evenimente!$A$2:$A$16203,1)+2)<$F$2+35+1," "&INDEX(Evenimente!$B$2:$B$16203,MATCH($F$2+35-0.000001,Evenimente!$A$2:$A$16203,1)+2),""),"") -> 25 ian | B25: =DAY($F$2+36)&" "&CHOOSE(MONTH($F$2+36),"ian","feb","mar","apr","mai","iun","iul","aug","sep","oct","nov","dec")&IF(INDEX(Evenimente!$A$2:$A$16203,MATCH($F$2+36-0.000001,Evenimente!$A$2:$A$16203,1)+1)<$F$2+36+1," "&INDEX(Evenimente!$B$2:$B$16203,MATCH($F$2+36-0.000001,Evenimente!$A$2:$A$16203,1)+1)&IF(INDEX(Evenimente!$A$2:$A$16203,MATCH($F$2+36-0.000001,Evenimente!$A$2:$A$16203,1)+2)<$F$2+36+1," "&INDEX(Evenimente!$B$2:$B$16203,MATCH($F$2+36-0.000001,Evenimente!$A$2:$A$16203,1)+2),""),"") -> 26 ian ◐ | C25: =DAY($F$2+37)&" "&CHOOSE(MONTH($F$2+37),"ian","feb","mar","apr","mai","iun","iul","aug","sep","oct","nov","dec")&IF(INDEX(Evenimente!$A$2:$A$16203,MATCH($F$2+37-0.000001,Evenimente!$A$2:$A$16203,1)+1)<$F$2+37+1," "&INDEX(Evenimente!$B$2:$B$16203,MATCH($F$2+37-0.000001,Evenimente!$A$2:$A$16203,1)+1)&IF(INDEX(Evenimente!$A$2:$A$16203,MATCH($F$2+37-0.000001,Evenimente!$A$2:$A$16203,1)+2)<$F$2+37+1," "&INDEX(Evenimente!$B$2:$B$16203,MATCH($F$2+37-0.000001,Evenimente!$A$2:$A$16203,1)+2),""),"") -> 27 ian | D25: =DAY($F$2+38)&" "&CHOOSE(MONTH($F$2+38),"ian","feb","mar","apr","mai","iun","iul","aug","sep","oct","nov","dec")&IF(INDEX(Evenimente!$A$2:$A$16203,MATCH($F$2+38-0.000001,Evenimente!$A$2:$A$16203,1)+1)<$F$2+38+1," "&INDEX(Evenimente!$B$2:$B$16203,MATCH($F$2+38-0.000001,Evenimente!$A$2:$A$16203,1)+1)&IF(INDEX(Evenimente!$A$2:$A$16203,MATCH($F$2+38-0.000001,Evenimente!$A$2:$A$16203,1)+2)<$F$2+38+1," "&INDEX(Evenimente!$B$2:$B$16203,MATCH($F$2+38-0.000001,Evenimente!$A$2:$A$16203,1)+2),""),"") -> 28 ian | E25: =DAY($F$2+39)&" "&CHOOSE(MONTH($F$2+39),"ian","feb","mar","apr","mai","iun","iul","aug","sep","oct","nov","dec")&IF(INDEX(Evenimente!$A$2:$A$16203,MATCH($F$2+39-0.000001,Evenimente!$A$2:$A$16203,1)+1)<$F$2+39+1," "&INDEX(Evenimente!$B$2:$B$16203,MATCH($F$2+39-0.000001,Evenimente!$A$2:$A$16203,1)+1)&IF(INDEX(Evenimente!$A$2:$A$16203,MATCH($F$2+39-0.000001,Evenimente!$A$2:$A$16203,1)+2)<$F$2+39+1," "&INDEX(Evenimente!$B$2:$B$16203,MATCH($F$2+39-0.000001,Evenimente!$A$2:$A$16203,1)+2),""),"") -> 29 ian | F25: =DAY($F$2+40)&" "&CHOOSE(MONTH($F$2+40),"ian","feb","mar","apr","mai","iun","iul","aug","sep","oct","nov","dec")&IF(INDEX(Evenimente!$A$2:$A$16203,MATCH($F$2+40-0.000001,Evenimente!$A$2:$A$16203,1)+1)<$F$2+40+1," "&INDEX(Evenimente!$B$2:$B$16203,MATCH($F$2+40-0.000001,Evenimente!$A$2:$A$16203,1)+1)&IF(INDEX(Evenimente!$A$2:$A$16203,MATCH($F$2+40-0.000001,Evenimente!$A$2:$A$16203,1)+2)<$F$2+40+1," "&INDEX(Evenimente!$B$2:$B$16203,MATCH($F$2+40-0.000001,Evenimente!$A$2:$A$16203,1)+2),""),"") -> 30 ian | G25: =DAY($F$2+41)&" "&CHOOSE(MONTH($F$2+41),"ian","feb","mar","apr","mai","iun","iul","aug","sep","oct","nov","dec")&IF(INDEX(Evenimente!$A$2:$A$16203,MATCH($F$2+41-0.000001,Evenimente!$A$2:$A$16203,1)+1)<$F$2+41+1," "&INDEX(Evenimente!$B$2:$B$16203,MATCH($F$2+41-0.000001,Evenimente!$A$2:$A$16203,1)+1)&IF(INDEX(Evenimente!$A$2:$A$16203,MATCH($F$2+41-0.000001,Evenimente!$A$2:$A$16203,1)+2)<$F$2+41+1," "&INDEX(Evenimente!$B$2:$B$16203,MATCH($F$2+41-0.000001,Evenimente!$A$2:$A$16203,1)+2),""),"") -> 31 ian
A26: 15 | B26: 16 | C26: 17 | D26: 18 | E26: 19 | F26: 20 | G26: 21
A27: =DAY($F$2+42)&" "&CHOOSE(MONTH($F$2+42),"ian","feb","mar","apr","mai","iun","iul","aug","sep","oct","nov","dec")&IF(INDEX(Evenimente!$A$2:$A$16203,MATCH($F$2+42-0.000001,Evenimente!$A$2:$A$16203,1)+1)<$F$2+42+1," "&INDEX(Evenimente!$B$2:$B$16203,MATCH($F$2+42-0.000001,Evenimente!$A$2:$A$16203,1)+1)&IF(INDEX(Evenimente!$A$2:$A$16203,MATCH($F$2+42-0.000001,Evenimente!$A$2:$A$16203,1)+2)<$F$2+42+1," "&INDEX(Evenimente!$B$2:$B$16203,MATCH($F$2+42-0.000001,Evenimente!$A$2:$A$16203,1)+2),""),"") -> 1 feb ○ | B27: =DAY($F$2+43)&" "&CHOOSE(MONTH($F$2+43),"ian","feb","mar","apr","mai","iun","iul","aug","sep","oct","nov","dec")&IF(INDEX(Evenimente!$A$2:$A$16203,MATCH($F$2+43-0.000001,Evenimente!$A$2:$A$16203,1)+1)<$F$2+43+1," "&INDEX(Evenimente!$B$2:$B$16203,MATCH($F$2+43-0.000001,Evenimente!$A$2:$A$16203,1)+1)&IF(INDEX(Evenimente!$A$2:$A$16203,MATCH($F$2+43-0.000001,Evenimente!$A$2:$A$16203,1)+2)<$F$2+43+1," "&INDEX(Evenimente!$B$2:$B$16203,MATCH($F$2+43-0.000001,Evenimente!$A$2:$A$16203,1)+2),""),"") -> 2 feb | C27: =DAY($F$2+44)&" "&CHOOSE(MONTH($F$2+44),"ian","feb","mar","apr","mai","iun","iul","aug","sep","oct","nov","dec")&IF(INDEX(Evenimente!$A$2:$A$16203,MATCH($F$2+44-0.000001,Evenimente!$A$2:$A$16203,1)+1)<$F$2+44+1," "&INDEX(Evenimente!$B$2:$B$16203,MATCH($F$2+44-0.000001,Evenimente!$A$2:$A$16203,1)+1)&IF(INDEX(Evenimente!$A$2:$A$16203,MATCH($F$2+44-0.000001,Evenimente!$A$2:$A$16203,1)+2)<$F$2+44+1," "&INDEX(Evenimente!$B$2:$B$16203,MATCH($F$2+44-0.000001,Evenimente!$A$2:$A$16203,1)+2),""),"") -> 3 feb | D27: =DAY($F$2+45)&" "&CHOOSE(MONTH($F$2+45),"ian","feb","mar","apr","mai","iun","iul","aug","sep","oct","nov","dec")&IF(INDEX(Evenimente!$A$2:$A$16203,MATCH($F$2+45-0.000001,Evenimente!$A$2:$A$16203,1)+1)<$F$2+45+1," "&INDEX(Evenimente!$B$2:$B$16203,MATCH($F$2+45-0.000001,Evenimente!$A$2:$A$16203,1)+1)&IF(INDEX(Evenimente!$A$2:$A$16203,MATCH($F$2+45-0.000001,Evenimente!$A$2:$A$16203,1)+2)<$F$2+45+1," "&INDEX(Evenimente!$B$2:$B$16203,MATCH($F$2+45-0.000001,Evenimente!$A$2:$A$16203,1)+2),""),"") -> 4 feb | E27: =DAY($F$2+46)&" "&CHOOSE(MONTH($F$2+46),"ian","feb","mar","apr","mai","iun","iul","aug","sep","oct","nov","dec")&IF(INDEX(Evenimente!$A$2:$A$16203,MATCH($F$2+46-0.000001,Evenimente!$A$2:$A$16203,1)+1)<$F$2+46+1," "&INDEX(Evenimente!$B$2:$B$16203,MATCH($F$2+46-0.000001,Evenimente!$A$2:$A$16203,1)+1)&IF(INDEX(Evenimente!$A$2:$A$16203,MATCH($F$2+46-0.000001,Evenimente!$A$2:$A$16203,1)+2)<$F$2+46+1," "&INDEX(Evenimente!$B$2:$B$16203,MATCH($F$2+46-0.000001,Evenimente!$A$2:$A$16203,1)+2),""),"") -> 5 feb | F27: =DAY($F$2+47)&" "&CHOOSE(MONTH($F$2+47),"ian","feb","mar","apr","mai","iun","iul","aug","sep","oct","nov","dec")&IF(INDEX(Evenimente!$A$2:$A$16203,MATCH($F$2+47-0.000001,Evenimente!$A$2:$A$16203,1)+1)<$F$2+47+1," "&INDEX(Evenimente!$B$2:$B$16203,MATCH($F$2+47-0.000001,Evenimente!$A$2:$A$16203,1)+1)&IF(INDEX(Evenimente!$A$2:$A$16203,MATCH($F$2+47-0.000001,Evenimente!$A$2:$A$16203,1)+2)<$F$2+47+1," "&INDEX(Evenimente!$B$2:$B$16203,MATCH($F$2+47-0.000001,Evenimente!$A$2:$A$16203,1)+2),""),"") -> 6 feb | G27: =DAY($F$2+48)&" "&CHOOSE(MONTH($F$2+48),"ian","feb","mar","apr","mai","iun","iul","aug","sep","oct","nov","dec")&IF(INDEX(Evenimente!$A$2:$A$16203,MATCH($F$2+48-0.000001,Evenimente!$A$2:$A$16203,1)+1)<$F$2+48+1," "&INDEX(Evenimente!$B$2:$B$16203,MATCH($F$2+48-0.000001,Evenimente!$A$2:$A$16203,1)+1)&IF(INDEX(Evenimente!$A$2:$A$16203,MATCH($F$2+48-0.000001,Evenimente!$A$2:$A$16203,1)+2)<$F$2+48+1," "&INDEX(Evenimente!$B$2:$B$16203,MATCH($F$2+48-0.000001,Evenimente!$A$2:$A$16203,1)+2),""),"") -> 7 feb
A28: 22 | B28: 23 | C28: 24 | D28: 25 | E28: 26 | F28: 27 | G28: 28
A29: =DAY($F$2+49)&" "&CHOOSE(MONTH($F$2+49),"ian","feb","mar","apr","mai","iun","iul","aug","sep","oct","nov","dec")&IF(INDEX(Evenimente!$A$2:$A$16203,MATCH($F$2+49-0.000001,Evenimente!$A$2:$A$16203,1)+1)<$F$2+49+1," "&INDEX(Evenimente!$B$2:$B$16203,MATCH($F$2+49-0.000001,Evenimente!$A$2:$A$16203,1)+1)&IF(INDEX(Evenimente!$A$2:$A$16203,MATCH($F$2+49-0.000001,Evenimente!$A$2:$A$16203,1)+2)<$F$2+49+1," "&INDEX(Evenimente!$B$2:$B$16203,MATCH($F$2+49-0.000001,Evenimente!$A$2:$A$16203,1)+2),""),"") -> 8 feb | B29: =DAY($F$2+50)&" "&CHOOSE(MONTH($F$2+50),"ian","feb","mar","apr","mai","iun","iul","aug","sep","oct","nov","dec")&IF(INDEX(Evenimente!$A$2:$A$16203,MATCH($F$2+50-0.000001,Evenimente!$A$2:$A$16203,1)+1)<$F$2+50+1," "&INDEX(Evenimente!$B$2:$B$16203,MATCH($F$2+50-0.000001,Evenimente!$A$2:$A$16203,1)+1)&IF(INDEX(Evenimente!$A$2:$A$16203,MATCH($F$2+50-0.000001,Evenimente!$A$2:$A$16203,1)+2)<$F$2+50+1," "&INDEX(Evenimente!$B$2:$B$16203,MATCH($F$2+50-0.000001,Evenimente!$A$2:$A$16203,1)+2),""),"") -> 9 feb ◑ | C29: =DAY($F$2+51)&" "&CHOOSE(MONTH($F$2+51),"ian","feb","mar","apr","mai","iun","iul","aug","sep","oct","nov","dec")&IF(INDEX(Evenimente!$A$2:$A$16203,MATCH($F$2+51-0.000001,Evenimente!$A$2:$A$16203,1)+1)<$F$2+51+1," "&INDEX(Evenimente!$B$2:$B$16203,MATCH($F$2+51-0.000001,Evenimente!$A$2:$A$16203,1)+1)&IF(INDEX(Evenimente!$A$2:$A$16203,MATCH($F$2+51-0.000001,Evenimente!$A$2:$A$16203,1)+2)<$F$2+51+1," "&INDEX(Evenimente!$B$2:$B$16203,MATCH($F$2+51-0.000001,Evenimente!$A$2:$A$16203,1)+2),""),"") -> 10 feb | D29: =DAY($F$2+52)&" "&CHOOSE(MONTH($F$2+52),"ian","feb","mar","apr","mai","iun","iul","aug","sep","oct","nov","dec")&IF(INDEX(Evenimente!$A$2:$A$16203,MATCH($F$2+52-0.000001,Evenimente!$A$2:$A$16203,1)+1)<$F$2+52+1," "&INDEX(Evenimente!$B$2:$B$16203,MATCH($F$2+52-0.000001,Evenimente!$A$2:$A$16203,1)+1)&IF(INDEX(Evenimente!$A$2:$A$16203,MATCH($F$2+52-0.000001,Evenimente!$A$2:$A$16203,1)+2)<$F$2+52+1," "&INDEX(Evenimente!$B$2:$B$16203,MATCH($F$2+52-0.000001,Evenimente!$A$2:$A$16203,1)+2),""),"") -> 11 feb | E29: =DAY($F$2+53)&" "&CHOOSE(MONTH($F$2+53),"ian","feb","mar","apr","mai","iun","iul","aug","sep","oct","nov","dec")&IF(INDEX(Evenimente!$A$2:$A$16203,MATCH($F$2+53-0.000001,Evenimente!$A$2:$A$16203,1)+1)<$F$2+53+1," "&INDEX(Evenimente!$B$2:$B$16203,MATCH($F$2+53-0.000001,Evenimente!$A$2:$A$16203,1)+1)&IF(INDEX(Evenimente!$A$2:$A$16203,MATCH($F$2+53-0.000001,Evenimente!$A$2:$A$16203,1)+2)<$F$2+53+1," "&INDEX(Evenimente!$B$2:$B$16203,MATCH($F$2+53-0.000001,Evenimente!$A$2:$A$16203,1)+2),""),"") -> 12 feb | F29: =DAY($F$2+54)&" "&CHOOSE(MONTH($F$2+54),"ian","feb","mar","apr","mai","iun","iul","aug","sep","oct","nov","dec")&IF(INDEX(Evenimente!$A$2:$A$16203,MATCH($F$2+54-0.000001,Evenimente!$A$2:$A$16203,1)+1)<$F$2+54+1," "&INDEX(Evenimente!$B$2:$B$16203,MATCH($F$2+54-0.000001,Evenimente!$A$2:$A$16203,1)+1)&IF(INDEX(Evenimente!$A$2:$A$16203,MATCH($F$2+54-0.000001,Evenimente!$A$2:$A$16203,1)+2)<$F$2+54+1," "&INDEX(Evenimente!$B$2:$B$16203,MATCH($F$2+54-0.000001,Evenimente!$A$2:$A$16203,1)+2),""),"") -> 13 feb | G29: =DAY($F$2+55)&" "&CHOOSE(MONTH($F$2+55),"ian","feb","mar","apr","mai","iun","iul","aug","sep","oct","nov","dec")&IF(INDEX(Evenimente!$A$2:$A$16203,MATCH($F$2+55-0.000001,Evenimente!$A$2:$A$16203,1)+1)<$F$2+55+1," "&INDEX(Evenimente!$B$2:$B$16203,MATCH($F$2+55-0.000001,Evenimente!$A$2:$A$16203,1)+1)&IF(INDEX(Evenimente!$A$2:$A$16203,MATCH($F$2+55-0.000001,Evenimente!$A$2:$A$16203,1)+2)<$F$2+55+1," "&INDEX(Evenimente!$B$2:$B$16203,MATCH($F$2+55-0.000001,Evenimente!$A$2:$A$16203,1)+2),""),"") -> 14 feb
A30: ● lună nouă ◐ primul pătrar ○ lună plină ◑ ultimul pătrar ☀ solstițiu / echinocțiu ⊗ eclipsă posibilă (fenomenele sunt în UTC)
A31: ="Luna 3 · "&'Nume sanscrită'!F7&" · "&'Nume sanscrită'!E7&" मास" -> Luna 3 · Tṛtīya māsa · तृतीय मास
A32: ='Nume EN-FR'!B7&" · "&'Nume EN-FR'!C7 -> Third month · Troisième mois
A33: ="ER "&$B$3&" ("&$D$3&") · AE "&TEXT($C$3,"0000")&" | gregorian: "&TEXT(DAY($F$2+56),"00")&"."&TEXT(MONTH($F$2+56),"00")&"."&YEAR($F$2+56)&" – "&TEXT(DAY($F$2+83),"00")&"."&TEXT(MONTH($F$2+83),"00")&"."&YEAR($F$2+83) -> ER 12 (Mīna · Pisces · Poissons) · AE 1734 | gregorian: 15.02.2026 – 14.03.2026
A34: ='Nume sanscrită'!B21&CHAR(10)&IF($G$3="Numerice",'Nume sanscrită'!G21,'Nume sanscrită'!C21)&CHAR(10)&IF($G$3="Numerice",'Nume EN-FR'!E21&" / "&'Nume EN-FR'!F21,'Nume EN-FR'!C21&" / "&'Nume EN-FR'!D21) -> Luni Somavāra Monday / lundi | B34: ='Nume sanscrită'!B22&CHAR(10)&IF($G$3="Numerice",'Nume sanscrită'!G22,'Nume sanscrită'!C22)&CHAR(10)&IF($G$3="Numerice",'Nume EN-FR'!E22&" / "&'Nume EN-FR'!F22,'Nume EN-FR'!C22&" / "&'Nume EN-FR'!D22) -> Marți Maṅgalavāra Tuesday / mardi | C34: ='Nume sanscrită'!B23&CHAR(10)&IF($G$3="Numerice",'Nume sanscrită'!G23,'Nume sanscrită'!C23)&CHAR(10)&IF($G$3="Numerice",'Nume EN-FR'!E23&" / "&'Nume EN-FR'!F23,'Nume EN-FR'!C23&" / "&'Nume EN-FR'!D23) -> Miercuri Budhavāra Wednesday / mercredi | D34: ='Nume sanscrită'!B24&CHAR(10)&IF($G$3="Numerice",'Nume sanscrită'!G24,'Nume sanscrită'!C24)&CHAR(10)&IF($G$3="Numerice",'Nume EN-FR'!E24&" / "&'Nume EN-FR'!F24,'Nume EN-FR'!C24&" / "&'Nume EN-FR'!D24) -> Joi Guruvāra Thursday / jeudi | E34: ='Nume sanscrită'!B25&CHAR(10)&IF($G$3="Numerice",'Nume sanscrită'!G25,'Nume sanscrită'!C25)&CHAR(10)&IF($G$3="Numerice",'Nume EN-FR'!E25&" / "&'Nume EN-FR'!F25,'Nume EN-FR'!C25&" / "&'Nume EN-FR'!D25) -> Vineri Śukravāra Friday / vendredi | F34: ='Nume sanscrită'!B26&CHAR(10)&IF($G$3="Numerice",'Nume sanscrită'!G26,'Nume sanscrită'!C26)&CHAR(10)&IF($G$3="Numerice",'Nume EN-FR'!E26&" / "&'Nume EN-FR'!F26,'Nume EN-FR'!C26&" / "&'Nume EN-FR'!D26) -> Sâmbătă Śanivāra Saturday / samedi | G34: ='Nume sanscrită'!B27&CHAR(10)&IF($G$3="Numerice",'Nume sanscrită'!G27,'Nume sanscrită'!C27)&CHAR(10)&IF($G$3="Numerice",'Nume EN-FR'!E27&" / "&'Nume EN-FR'!F27,'Nume EN-FR'!C27&" / "&'Nume EN-FR'!D27) -> Duminică Ravivāra Sunday / dimanche
A35: 1 | B35: 2 | C35: 3 | D35: 4 | E35: 5 | F35: 6 | G35: 7
A36: =DAY($F$2+56)&" "&CHOOSE(MONTH($F$2+56),"ian","feb","mar","apr","mai","iun","iul","aug","sep","oct","nov","dec")&IF(INDEX(Evenimente!$A$2:$A$16203,MATCH($F$2+56-0.000001,Evenimente!$A$2:$A$16203,1)+1)<$F$2+56+1," "&INDEX(Evenimente!$B$2:$B$16203,MATCH($F$2+56-0.000001,Evenimente!$A$2:$A$16203,1)+1)&IF(INDEX(Evenimente!$A$2:$A$16203,MATCH($F$2+56-0.000001,Evenimente!$A$2:$A$16203,1)+2)<$F$2+56+1," "&INDEX(Evenimente!$B$2:$B$16203,MATCH($F$2+56-0.000001,Evenimente!$A$2:$A$16203,1)+2),""),"") -> 15 feb | B36: =DAY($F$2+57)&" "&CHOOSE(MONTH($F$2+57),"ian","feb","mar","apr","mai","iun","iul","aug","sep","oct","nov","dec")&IF(INDEX(Evenimente!$A$2:$A$16203,MATCH($F$2+57-0.000001,Evenimente!$A$2:$A$16203,1)+1)<$F$2+57+1," "&INDEX(Evenimente!$B$2:$B$16203,MATCH($F$2+57-0.000001,Evenimente!$A$2:$A$16203,1)+1)&IF(INDEX(Evenimente!$A$2:$A$16203,MATCH($F$2+57-0.000001,Evenimente!$A$2:$A$16203,1)+2)<$F$2+57+1," "&INDEX(Evenimente!$B$2:$B$16203,MATCH($F$2+57-0.000001,Evenimente!$A$2:$A$16203,1)+2),""),"") -> 16 feb | C36: =DAY($F$2+58)&" "&CHOOSE(MONTH($F$2+58),"ian","feb","mar","apr","mai","iun","iul","aug","sep","oct","nov","dec")&IF(INDEX(Evenimente!$A$2:$A$16203,MATCH($F$2+58-0.000001,Evenimente!$A$2:$A$16203,1)+1)<$F$2+58+1," "&INDEX(Evenimente!$B$2:$B$16203,MATCH($F$2+58-0.000001,Evenimente!$A$2:$A$16203,1)+1)&IF(INDEX(Evenimente!$A$2:$A$16203,MATCH($F$2+58-0.000001,Evenimente!$A$2:$A$16203,1)+2)<$F$2+58+1," "&INDEX(Evenimente!$B$2:$B$16203,MATCH($F$2+58-0.000001,Evenimente!$A$2:$A$16203,1)+2),""),"") -> 17 feb ●⊗ | D36: =DAY($F$2+59)&" "&CHOOSE(MONTH($F$2+59),"ian","feb","mar","apr","mai","iun","iul","aug","sep","oct","nov","dec")&IF(INDEX(Evenimente!$A$2:$A$16203,MATCH($F$2+59-0.000001,Evenimente!$A$2:$A$16203,1)+1)<$F$2+59+1," "&INDEX(Evenimente!$B$2:$B$16203,MATCH($F$2+59-0.000001,Evenimente!$A$2:$A$16203,1)+1)&IF(INDEX(Evenimente!$A$2:$A$16203,MATCH($F$2+59-0.000001,Evenimente!$A$2:$A$16203,1)+2)<$F$2+59+1," "&INDEX(Evenimente!$B$2:$B$16203,MATCH($F$2+59-0.000001,Evenimente!$A$2:$A$16203,1)+2),""),"") -> 18 feb | E36: =DAY($F$2+60)&" "&CHOOSE(MONTH($F$2+60),"ian","feb","mar","apr","mai","iun","iul","aug","sep","oct","nov","dec")&IF(INDEX(Evenimente!$A$2:$A$16203,MATCH($F$2+60-0.000001,Evenimente!$A$2:$A$16203,1)+1)<$F$2+60+1," "&INDEX(Evenimente!$B$2:$B$16203,MATCH($F$2+60-0.000001,Evenimente!$A$2:$A$16203,1)+1)&IF(INDEX(Evenimente!$A$2:$A$16203,MATCH($F$2+60-0.000001,Evenimente!$A$2:$A$16203,1)+2)<$F$2+60+1," "&INDEX(Evenimente!$B$2:$B$16203,MATCH($F$2+60-0.000001,Evenimente!$A$2:$A$16203,1)+2),""),"") -> 19 feb | F36: =DAY($F$2+61)&" "&CHOOSE(MONTH($F$2+61),"ian","feb","mar","apr","mai","iun","iul","aug","sep","oct","nov","dec")&IF(INDEX(Evenimente!$A$2:$A$16203,MATCH($F$2+61-0.000001,Evenimente!$A$2:$A$16203,1)+1)<$F$2+61+1," "&INDEX(Evenimente!$B$2:$B$16203,MATCH($F$2+61-0.000001,Evenimente!$A$2:$A$16203,1)+1)&IF(INDEX(Evenimente!$A$2:$A$16203,MATCH($F$2+61-0.000001,Evenimente!$A$2:$A$16203,1)+2)<$F$2+61+1," "&INDEX(Evenimente!$B$2:$B$16203,MATCH($F$2+61-0.000001,Evenimente!$A$2:$A$16203,1)+2),""),"") -> 20 feb | G36: =DAY($F$2+62)&" "&CHOOSE(MONTH($F$2+62),"ian","feb","mar","apr","mai","iun","iul","aug","sep","oct","nov","dec")&IF(INDEX(Evenimente!$A$2:$A$16203,MATCH($F$2+62-0.000001,Evenimente!$A$2:$A$16203,1)+1)<$F$2+62+1," "&INDEX(Evenimente!$B$2:$B$16203,MATCH($F$2+62-0.000001,Evenimente!$A$2:$A$16203,1)+1)&IF(INDEX(Evenimente!$A$2:$A$16203,MATCH($F$2+62-0.000001,Evenimente!$A$2:$A$16203,1)+2)<$F$2+62+1," "&INDEX(Evenimente!$B$2:$B$16203,MATCH($F$2+62-0.000001,Evenimente!$A$2:$A$16203,1)+2),""),"") -> 21 feb
A37: 8 | B37: 9 | C37: 10 | D37: 11 | E37: 12 | F37: 13 | G37: 14
A38: =DAY($F$2+63)&" "&CHOOSE(MONTH($F$2+63),"ian","feb","mar","apr","mai","iun","iul","aug","sep","oct","nov","dec")&IF(INDEX(Evenimente!$A$2:$A$16203,MATCH($F$2+63-0.000001,Evenimente!$A$2:$A$16203,1)+1)<$F$2+63+1," "&INDEX(Evenimente!$B$2:$B$16203,MATCH($F$2+63-0.000001,Evenimente!$A$2:$A$16203,1)+1)&IF(INDEX(Evenimente!$A$2:$A$16203,MATCH($F$2+63-0.000001,Evenimente!$A$2:$A$16203,1)+2)<$F$2+63+1," "&INDEX(Evenimente!$B$2:$B$16203,MATCH($F$2+63-0.000001,Evenimente!$A$2:$A$16203,1)+2),""),"") -> 22 feb | B38: =DAY($F$2+64)&" "&CHOOSE(MONTH($F$2+64),"ian","feb","mar","apr","mai","iun","iul","aug","sep","oct","nov","dec")&IF(INDEX(Evenimente!$A$2:$A$16203,MATCH($F$2+64-0.000001,Evenimente!$A$2:$A$16203,1)+1)<$F$2+64+1," "&INDEX(Evenimente!$B$2:$B$16203,MATCH($F$2+64-0.000001,Evenimente!$A$2:$A$16203,1)+1)&IF(INDEX(Evenimente!$A$2:$A$16203,MATCH($F$2+64-0.000001,Evenimente!$A$2:$A$16203,1)+2)<$F$2+64+1," "&INDEX(Evenimente!$B$2:$B$16203,MATCH($F$2+64-0.000001,Evenimente!$A$2:$A$16203,1)+2),""),"") -> 23 feb | C38: =DAY($F$2+65)&" "&CHOOSE(MONTH($F$2+65),"ian","feb","mar","apr","mai","iun","iul","aug","sep","oct","nov","dec")&IF(INDEX(Evenimente!$A$2:$A$16203,MATCH($F$2+65-0.000001,Evenimente!$A$2:$A$16203,1)+1)<$F$2+65+1," "&INDEX(Evenimente!$B$2:$B$16203,MATCH($F$2+65-0.000001,Evenimente!$A$2:$A$16203,1)+1)&IF(INDEX(Evenimente!$A$2:$A$16203,MATCH($F$2+65-0.000001,Evenimente!$A$2:$A$16203,1)+2)<$F$2+65+1," "&INDEX(Evenimente!$B$2:$B$16203,MATCH($F$2+65-0.000001,Evenimente!$A$2:$A$16203,1)+2),""),"") -> 24 feb ◐ | D38: =DAY($F$2+66)&" "&CHOOSE(MONTH($F$2+66),"ian","feb","mar","apr","mai","iun","iul","aug","sep","oct","nov","dec")&IF(INDEX(Evenimente!$A$2:$A$16203,MATCH($F$2+66-0.000001,Evenimente!$A$2:$A$16203,1)+1)<$F$2+66+1," "&INDEX(Evenimente!$B$2:$B$16203,MATCH($F$2+66-0.000001,Evenimente!$A$2:$A$16203,1)+1)&IF(INDEX(Evenimente!$A$2:$A$16203,MATCH($F$2+66-0.000001,Evenimente!$A$2:$A$16203,1)+2)<$F$2+66+1," "&INDEX(Evenimente!$B$2:$B$16203,MATCH($F$2+66-0.000001,Evenimente!$A$2:$A$16203,1)+2),""),"") -> 25 feb | E38: =DAY($F$2+67)&" "&CHOOSE(MONTH($F$2+67),"ian","feb","mar","apr","mai","iun","iul","aug","sep","oct","nov","dec")&IF(INDEX(Evenimente!$A$2:$A$16203,MATCH($F$2+67-0.000001,Evenimente!$A$2:$A$16203,1)+1)<$F$2+67+1," "&INDEX(Evenimente!$B$2:$B$16203,MATCH($F$2+67-0.000001,Evenimente!$A$2:$A$16203,1)+1)&IF(INDEX(Evenimente!$A$2:$A$16203,MATCH($F$2+67-0.000001,Evenimente!$A$2:$A$16203,1)+2)<$F$2+67+1," "&INDEX(Evenimente!$B$2:$B$16203,MATCH($F$2+67-0.000001,Evenimente!$A$2:$A$16203,1)+2),""),"") -> 26 feb | F38: =DAY($F$2+68)&" "&CHOOSE(MONTH($F$2+68),"ian","feb","mar","apr","mai","iun","iul","aug","sep","oct","nov","dec")&IF(INDEX(Evenimente!$A$2:$A$16203,MATCH($F$2+68-0.000001,Evenimente!$A$2:$A$16203,1)+1)<$F$2+68+1," "&INDEX(Evenimente!$B$2:$B$16203,MATCH($F$2+68-0.000001,Evenimente!$A$2:$A$16203,1)+1)&IF(INDEX(Evenimente!$A$2:$A$16203,MATCH($F$2+68-0.000001,Evenimente!$A$2:$A$16203,1)+2)<$F$2+68+1," "&INDEX(Evenimente!$B$2:$B$16203,MATCH($F$2+68-0.000001,Evenimente!$A$2:$A$16203,1)+2),""),"") -> 27 feb | G38: =DAY($F$2+69)&" "&CHOOSE(MONTH($F$2+69),"ian","feb","mar","apr","mai","iun","iul","aug","sep","oct","nov","dec")&IF(INDEX(Evenimente!$A$2:$A$16203,MATCH($F$2+69-0.000001,Evenimente!$A$2:$A$16203,1)+1)<$F$2+69+1," "&INDEX(Evenimente!$B$2:$B$16203,MATCH($F$2+69-0.000001,Evenimente!$A$2:$A$16203,1)+1)&IF(INDEX(Evenimente!$A$2:$A$16203,MATCH($F$2+69-0.000001,Evenimente!$A$2:$A$16203,1)+2)<$F$2+69+1," "&INDEX(Evenimente!$B$2:$B$16203,MATCH($F$2+69-0.000001,Evenimente!$A$2:$A$16203,1)+2),""),"") -> 28 feb
A39: 15 | B39: 16 | C39: 17 | D39: 18 | E39: 19 | F39: 20 | G39: 21
A40: =DAY($F$2+70)&" "&CHOOSE(MONTH($F$2+70),"ian","feb","mar","apr","mai","iun","iul","aug","sep","oct","nov","dec")&IF(INDEX(Evenimente!$A$2:$A$16203,MATCH($F$2+70-0.000001,Evenimente!$A$2:$A$16203,1)+1)<$F$2+70+1," "&INDEX(Evenimente!$B$2:$B$16203,MATCH($F$2+70-0.000001,Evenimente!$A$2:$A$16203,1)+1)&IF(INDEX(Evenimente!$A$2:$A$16203,MATCH($F$2+70-0.000001,Evenimente!$A$2:$A$16203,1)+2)<$F$2+70+1," "&INDEX(Evenimente!$B$2:$B$16203,MATCH($F$2+70-0.000001,Evenimente!$A$2:$A$16203,1)+2),""),"") -> 1 mar | B40: =DAY($F$2+71)&" "&CHOOSE(MONTH($F$2+71),"ian","feb","mar","apr","mai","iun","iul","aug","sep","oct","nov","dec")&IF(INDEX(Evenimente!$A$2:$A$16203,MATCH($F$2+71-0.000001,Evenimente!$A$2:$A$16203,1)+1)<$F$2+71+1," "&INDEX(Evenimente!$B$2:$B$16203,MATCH($F$2+71-0.000001,Evenimente!$A$2:$A$16203,1)+1)&IF(INDEX(Evenimente!$A$2:$A$16203,MATCH($F$2+71-0.000001,Evenimente!$A$2:$A$16203,1)+2)<$F$2+71+1," "&INDEX(Evenimente!$B$2:$B$16203,MATCH($F$2+71-0.000001,Evenimente!$A$2:$A$16203,1)+2),""),"") -> 2 mar | C40: =DAY($F$2+72)&" "&CHOOSE(MONTH($F$2+72),"ian","feb","mar","apr","mai","iun","iul","aug","sep","oct","nov","dec")&IF(INDEX(Evenimente!$A$2:$A$16203,MATCH($F$2+72-0.000001,Evenimente!$A$2:$A$16203,1)+1)<$F$2+72+1," "&INDEX(Evenimente!$B$2:$B$16203,MATCH($F$2+72-0.000001,Evenimente!$A$2:$A$16203,1)+1)&IF(INDEX(Evenimente!$A$2:$A$16203,MATCH($F$2+72-0.000001,Evenimente!$A$2:$A$16203,1)+2)<$F$2+72+1," "&INDEX(Evenimente!$B$2:$B$16203,MATCH($F$2+72-0.000001,Evenimente!$A$2:$A$16203,1)+2),""),"") -> 3 mar ○⊗ | D40: =DAY($F$2+73)&" "&CHOOSE(MONTH($F$2+73),"ian","feb","mar","apr","mai","iun","iul","aug","sep","oct","nov","dec")&IF(INDEX(Evenimente!$A$2:$A$16203,MATCH($F$2+73-0.000001,Evenimente!$A$2:$A$16203,1)+1)<$F$2+73+1," "&INDEX(Evenimente!$B$2:$B$16203,MATCH($F$2+73-0.000001,Evenimente!$A$2:$A$16203,1)+1)&IF(INDEX(Evenimente!$A$2:$A$16203,MATCH($F$2+73-0.000001,Evenimente!$A$2:$A$16203,1)+2)<$F$2+73+1," "&INDEX(Evenimente!$B$2:$B$16203,MATCH($F$2+73-0.000001,Evenimente!$A$2:$A$16203,1)+2),""),"") -> 4 mar | E40: =DAY($F$2+74)&" "&CHOOSE(MONTH($F$2+74),"ian","feb","mar","apr","mai","iun","iul","aug","sep","oct","nov","dec")&IF(INDEX(Evenimente!$A$2:$A$16203,MATCH($F$2+74-0.000001,Evenimente!$A$2:$A$16203,1)+1)<$F$2+74+1," "&INDEX(Evenimente!$B$2:$B$16203,MATCH($F$2+74-0.000001,Evenimente!$A$2:$A$16203,1)+1)&IF(INDEX(Evenimente!$A$2:$A$16203,MATCH($F$2+74-0.000001,Evenimente!$A$2:$A$16203,1)+2)<$F$2+74+1," "&INDEX(Evenimente!$B$2:$B$16203,MATCH($F$2+74-0.000001,Evenimente!$A$2:$A$16203,1)+2),""),"") -> 5 mar | F40: =DAY($F$2+75)&" "&CHOOSE(MONTH($F$2+75),"ian","feb","mar","apr","mai","iun","iul","aug","sep","oct","nov","dec")&IF(INDEX(Evenimente!$A$2:$A$16203,MATCH($F$2+75-0.000001,Evenimente!$A$2:$A$16203,1)+1)<$F$2+75+1," "&INDEX(Evenimente!$B$2:$B$16203,MATCH($F$2+75-0.000001,Evenimente!$A$2:$A$16203,1)+1)&IF(INDEX(Evenimente!$A$2:$A$16203,MATCH($F$2+75-0.000001,Evenimente!$A$2:$A$16203,1)+2)<$F$2+75+1," "&INDEX(Evenimente!$B$2:$B$16203,MATCH($F$2+75-0.000001,Evenimente!$A$2:$A$16203,1)+2),""),"") -> 6 mar | G40: =DAY($F$2+76)&" "&CHOOSE(MONTH($F$2+76),"ian","feb","mar","apr","mai","iun","iul","aug","sep","oct","nov","dec")&IF(INDEX(Evenimente!$A$2:$A$16203,MATCH($F$2+76-0.000001,Evenimente!$A$2:$A$16203,1)+1)<$F$2+76+1," "&INDEX(Evenimente!$B$2:$B$16203,MATCH($F$2+76-0.000001,Evenimente!$A$2:$A$16203,1)+1)&IF(INDEX(Evenimente!$A$2:$A$16203,MATCH($F$2+76-0.000001,Evenimente!$A$2:$A$16203,1)+2)<$F$2+76+1," "&INDEX(Evenimente!$B$2:$B$16203,MATCH($F$2+76-0.000001,Evenimente!$A$2:$A$16203,1)+2),""),"") -> 7 mar
A41: 22 | B41: 23 | C41: 24 | D41: 25 | E41: 26 | F41: 27 | G41: 28
A42: =DAY($F$2+77)&" "&CHOOSE(MONTH($F$2+77),"ian","feb","mar","apr","mai","iun","iul","aug","sep","oct","nov","dec")&IF(INDEX(Evenimente!$A$2:$A$16203,MATCH($F$2+77-0.000001,Evenimente!$A$2:$A$16203,1)+1)<$F$2+77+1," "&INDEX(Evenimente!$B$2:$B$16203,MATCH($F$2+77-0.000001,Evenimente!$A$2:$A$16203,1)+1)&IF(INDEX(Evenimente!$A$2:$A$16203,MATCH($F$2+77-0.000001,Evenimente!$A$2:$A$16203,1)+2)<$F$2+77+1," "&INDEX(Evenimente!$B$2:$B$16203,MATCH($F$2+77-0.000001,Evenimente!$A$2:$A$16203,1)+2),""),"") -> 8 mar | B42: =DAY($F$2+78)&" "&CHOOSE(MONTH($F$2+78),"ian","feb","mar","apr","mai","iun","iul","aug","sep","oct","nov","dec")&IF(INDEX(Evenimente!$A$2:$A$16203,MATCH($F$2+78-0.000001,Evenimente!$A$2:$A$16203,1)+1)<$F$2+78+1," "&INDEX(Evenimente!$B$2:$B$16203,MATCH($F$2+78-0.000001,Evenimente!$A$2:$A$16203,1)+1)&IF(INDEX(Evenimente!$A$2:$A$16203,MATCH($F$2+78-0.000001,Evenimente!$A$2:$A$16203,1)+2)<$F$2+78+1," "&INDEX(Evenimente!$B$2:$B$16203,MATCH($F$2+78-0.000001,Evenimente!$A$2:$A$16203,1)+2),""),"") -> 9 mar | C42: =DAY($F$2+79)&" "&CHOOSE(MONTH($F$2+79),"ian","feb","mar","apr","mai","iun","iul","aug","sep","oct","nov","dec")&IF(INDEX(Evenimente!$A$2:$A$16203,MATCH($F$2+79-0.000001,Evenimente!$A$2:$A$16203,1)+1)<$F$2+79+1," "&INDEX(Evenimente!$B$2:$B$16203,MATCH($F$2+79-0.000001,Evenimente!$A$2:$A$16203,1)+1)&IF(INDEX(Evenimente!$A$2:$A$16203,MATCH($F$2+79-0.000001,Evenimente!$A$2:$A$16203,1)+2)<$F$2+79+1," "&INDEX(Evenimente!$B$2:$B$16203,MATCH($F$2+79-0.000001,Evenimente!$A$2:$A$16203,1)+2),""),"") -> 10 mar | D42: =DAY($F$2+80)&" "&CHOOSE(MONTH($F$2+80),"ian","feb","mar","apr","mai","iun","iul","aug","sep","oct","nov","dec")&IF(INDEX(Evenimente!$A$2:$A$16203,MATCH($F$2+80-0.000001,Evenimente!$A$2:$A$16203,1)+1)<$F$2+80+1," "&INDEX(Evenimente!$B$2:$B$16203,MATCH($F$2+80-0.000001,Evenimente!$A$2:$A$16203,1)+1)&IF(INDEX(Evenimente!$A$2:$A$16203,MATCH($F$2+80-0.000001,Evenimente!$A$2:$A$16203,1)+2)<$F$2+80+1," "&INDEX(Evenimente!$B$2:$B$16203,MATCH($F$2+80-0.000001,Evenimente!$A$2:$A$16203,1)+2),""),"") -> 11 mar ◑ | E42: =DAY($F$2+81)&" "&CHOOSE(MONTH($F$2+81),"ian","feb","mar","apr","mai","iun","iul","aug","sep","oct","nov","dec")&IF(INDEX(Evenimente!$A$2:$A$16203,MATCH($F$2+81-0.000001,Evenimente!$A$2:$A$16203,1)+1)<$F$2+81+1," "&INDEX(Evenimente!$B$2:$B$16203,MATCH($F$2+81-0.000001,Evenimente!$A$2:$A$16203,1)+1)&IF(INDEX(Evenimente!$A$2:$A$16203,MATCH($F$2+81-0.000001,Evenimente!$A$2:$A$16203,1)+2)<$F$2+81+1," "&INDEX(Evenimente!$B$2:$B$16203,MATCH($F$2+81-0.000001,Evenimente!$A$2:$A$16203,1)+2),""),"") -> 12 mar | F42: =DAY($F$2+82)&" "&CHOOSE(MONTH($F$2+82),"ian","feb","mar","apr","mai","iun","iul","aug","sep","oct","nov","dec")&IF(INDEX(Evenimente!$A$2:$A$16203,MATCH($F$2+82-0.000001,Evenimente!$A$2:$A$16203,1)+1)<$F$2+82+1," "&INDEX(Evenimente!$B$2:$B$16203,MATCH($F$2+82-0.000001,Evenimente!$A$2:$A$16203,1)+1)&IF(INDEX(Evenimente!$A$2:$A$16203,MATCH($F$2+82-0.000001,Evenimente!$A$2:$A$16203,1)+2)<$F$2+82+1," "&INDEX(Evenimente!$B$2:$B$16203,MATCH($F$2+82-0.000001,Evenimente!$A$2:$A$16203,1)+2),""),"") -> 13 mar | G42: =DAY($F$2+83)&" "&CHOOSE(MONTH($F$2+83),"ian","feb","mar","apr","mai","iun","iul","aug","sep","oct","nov","dec")&IF(INDEX(Evenimente!$A$2:$A$16203,MATCH($F$2+83-0.000001,Evenimente!$A$2:$A$16203,1)+1)<$F$2+83+1," "&INDEX(Evenimente!$B$2:$B$16203,MATCH($F$2+83-0.000001,Evenimente!$A$2:$A$16203,1)+1)&IF(INDEX(Evenimente!$A$2:$A$16203,MATCH($F$2+83-0.000001,Evenimente!$A$2:$A$16203,1)+2)<$F$2+83+1," "&INDEX(Evenimente!$B$2:$B$16203,MATCH($F$2+83-0.000001,Evenimente!$A$2:$A$16203,1)+2),""),"") -> 14 mar
A43: ● lună nouă ◐ primul pătrar ○ lună plină ◑ ultimul pătrar ☀ solstițiu / echinocțiu ⊗ eclipsă posibilă (fenomenele sunt în UTC)
A44: ="Luna 4 · "&'Nume sanscrită'!F8&" · "&'Nume sanscrită'!E8&" मास" -> Luna 4 · Caturtha māsa · चतुर्थ मास
A45: ='Nume EN-FR'!B8&" · "&'Nume EN-FR'!C8 -> Fourth month · Quatrième mois
A46: ="ER "&$B$3&" ("&$D$3&") · AE "&TEXT($C$3,"0000")&" | gregorian: "&TEXT(DAY($F$2+84),"00")&"."&TEXT(MONTH($F$2+84),"00")&"."&YEAR($F$2+84)&" – "&TEXT(DAY($F$2+111),"00")&"."&TEXT(MONTH($F$2+111),"00")&"."&YEAR($F$2+111) -> ER 12 (Mīna · Pisces · Poissons) · AE 1734 | gregorian: 15.03.2026 – 11.04.2026
A47: ='Nume sanscrită'!B21&CHAR(10)&IF($G$3="Numerice",'Nume sanscrită'!G21,'Nume sanscrită'!C21)&CHAR(10)&IF($G$3="Numerice",'Nume EN-FR'!E21&" / "&'Nume EN-FR'!F21,'Nume EN-FR'!C21&" / "&'Nume EN-FR'!D21) -> Luni Somavāra Monday / lundi | B47: ='Nume sanscrită'!B22&CHAR(10)&IF($G$3="Numerice",'Nume sanscrită'!G22,'Nume sanscrită'!C22)&CHAR(10)&IF($G$3="Numerice",'Nume EN-FR'!E22&" / "&'Nume EN-FR'!F22,'Nume EN-FR'!C22&" / "&'Nume EN-FR'!D22) -> Marți Maṅgalavāra Tuesday / mardi | C47: ='Nume sanscrită'!B23&CHAR(10)&IF($G$3="Numerice",'Nume sanscrită'!G23,'Nume sanscrită'!C23)&CHAR(10)&IF($G$3="Numerice",'Nume EN-FR'!E23&" / "&'Nume EN-FR'!F23,'Nume EN-FR'!C23&" / "&'Nume EN-FR'!D23) -> Miercuri Budhavāra Wednesday / mercredi | D47: ='Nume sanscrită'!B24&CHAR(10)&IF($G$3="Numerice",'Nume sanscrită'!G24,'Nume sanscrită'!C24)&CHAR(10)&IF($G$3="Numerice",'Nume EN-FR'!E24&" / "&'Nume EN-FR'!F24,'Nume EN-FR'!C24&" / "&'Nume EN-FR'!D24) -> Joi Guruvāra Thursday / jeudi | E47: ='Nume sanscrită'!B25&CHAR(10)&IF($G$3="Numerice",'Nume sanscrită'!G25,'Nume sanscrită'!C25)&CHAR(10)&IF($G$3="Numerice",'Nume EN-FR'!E25&" / "&'Nume EN-FR'!F25,'Nume EN-FR'!C25&" / "&'Nume EN-FR'!D25) -> Vineri Śukravāra Friday / vendredi | F47: ='Nume sanscrită'!B26&CHAR(10)&IF($G$3="Numerice",'Nume sanscrită'!G26,'Nume sanscrită'!C26)&CHAR(10)&IF($G$3="Numerice",'Nume EN-FR'!E26&" / "&'Nume EN-FR'!F26,'Nume EN-FR'!C26&" / "&'Nume EN-FR'!D26) -> Sâmbătă Śanivāra Saturday / samedi | G47: ='Nume sanscrită'!B27&CHAR(10)&IF($G$3="Numerice",'Nume sanscrită'!G27,'Nume sanscrită'!C27)&CHAR(10)&IF($G$3="Numerice",'Nume EN-FR'!E27&" / "&'Nume EN-FR'!F27,'Nume EN-FR'!C27&" / "&'Nume EN-FR'!D27) -> Duminică Ravivāra Sunday / dimanche
A48: 1 | B48: 2 | C48: 3 | D48: 4 | E48: 5 | F48: 6 | G48: 7
A49: =DAY($F$2+84)&" "&CHOOSE(MONTH($F$2+84),"ian","feb","mar","apr","mai","iun","iul","aug","sep","oct","nov","dec")&IF(INDEX(Evenimente!$A$2:$A$16203,MATCH($F$2+84-0.000001,Evenimente!$A$2:$A$16203,1)+1)<$F$2+84+1," "&INDEX(Evenimente!$B$2:$B$16203,MATCH($F$2+84-0.000001,Evenimente!$A$2:$A$16203,1)+1)&IF(INDEX(Evenimente!$A$2:$A$16203,MATCH($F$2+84-0.000001,Evenimente!$A$2:$A$16203,1)+2)<$F$2+84+1," "&INDEX(Evenimente!$B$2:$B$16203,MATCH($F$2+84-0.000001,Evenimente!$A$2:$A$16203,1)+2),""),"") -> 15 mar | B49: =DAY($F$2+85)&" "&CHOOSE(MONTH($F$2+85),"ian","feb","mar","apr","mai","iun","iul","aug","sep","oct","nov","dec")&IF(INDEX(Evenimente!$A$2:$A$16203,MATCH($F$2+85-0.000001,Evenimente!$A$2:$A$16203,1)+1)<$F$2+85+1," "&INDEX(Evenimente!$B$2:$B$16203,MATCH($F$2+85-0.000001,Evenimente!$A$2:$A$16203,1)+1)&IF(INDEX(Evenimente!$A$2:$A$16203,MATCH($F$2+85-0.000001,Evenimente!$A$2:$A$16203,1)+2)<$F$2+85+1," "&INDEX(Evenimente!$B$2:$B$16203,MATCH($F$2+85-0.000001,Evenimente!$A$2:$A$16203,1)+2),""),"") -> 16 mar | C49: =DAY($F$2+86)&" "&CHOOSE(MONTH($F$2+86),"ian","feb","mar","apr","mai","iun","iul","aug","sep","oct","nov","dec")&IF(INDEX(Evenimente!$A$2:$A$16203,MATCH($F$2+86-0.000001,Evenimente!$A$2:$A$16203,1)+1)<$F$2+86+1," "&INDEX(Evenimente!$B$2:$B$16203,MATCH($F$2+86-0.000001,Evenimente!$A$2:$A$16203,1)+1)&IF(INDEX(Evenimente!$A$2:$A$16203,MATCH($F$2+86-0.000001,Evenimente!$A$2:$A$16203,1)+2)<$F$2+86+1," "&INDEX(Evenimente!$B$2:$B$16203,MATCH($F$2+86-0.000001,Evenimente!$A$2:$A$16203,1)+2),""),"") -> 17 mar | D49: =DAY($F$2+87)&" "&CHOOSE(MONTH($F$2+87),"ian","feb","mar","apr","mai","iun","iul","aug","sep","oct","nov","dec")&IF(INDEX(Evenimente!$A$2:$A$16203,MATCH($F$2+87-0.000001,Evenimente!$A$2:$A$16203,1)+1)<$F$2+87+1," "&INDEX(Evenimente!$B$2:$B$16203,MATCH($F$2+87-0.000001,Evenimente!$A$2:$A$16203,1)+1)&IF(INDEX(Evenimente!$A$2:$A$16203,MATCH($F$2+87-0.000001,Evenimente!$A$2:$A$16203,1)+2)<$F$2+87+1," "&INDEX(Evenimente!$B$2:$B$16203,MATCH($F$2+87-0.000001,Evenimente!$A$2:$A$16203,1)+2),""),"") -> 18 mar | E49: =DAY($F$2+88)&" "&CHOOSE(MONTH($F$2+88),"ian","feb","mar","apr","mai","iun","iul","aug","sep","oct","nov","dec")&IF(INDEX(Evenimente!$A$2:$A$16203,MATCH($F$2+88-0.000001,Evenimente!$A$2:$A$16203,1)+1)<$F$2+88+1," "&INDEX(Evenimente!$B$2:$B$16203,MATCH($F$2+88-0.000001,Evenimente!$A$2:$A$16203,1)+1)&IF(INDEX(Evenimente!$A$2:$A$16203,MATCH($F$2+88-0.000001,Evenimente!$A$2:$A$16203,1)+2)<$F$2+88+1," "&INDEX(Evenimente!$B$2:$B$16203,MATCH($F$2+88-0.000001,Evenimente!$A$2:$A$16203,1)+2),""),"") -> 19 mar ● | F49: =DAY($F$2+89)&" "&CHOOSE(MONTH($F$2+89),"ian","feb","mar","apr","mai","iun","iul","aug","sep","oct","nov","dec")&IF(INDEX(Evenimente!$A$2:$A$16203,MATCH($F$2+89-0.000001,Evenimente!$A$2:$A$16203,1)+1)<$F$2+89+1," "&INDEX(Evenimente!$B$2:$B$16203,MATCH($F$2+89-0.000001,Evenimente!$A$2:$A$16203,1)+1)&IF(INDEX(Evenimente!$A$2:$A$16203,MATCH($F$2+89-0.000001,Evenimente!$A$2:$A$16203,1)+2)<$F$2+89+1," "&INDEX(Evenimente!$B$2:$B$16203,MATCH($F$2+89-0.000001,Evenimente!$A$2:$A$16203,1)+2),""),"") -> 20 mar ☀ | G49: =DAY($F$2+90)&" "&CHOOSE(MONTH($F$2+90),"ian","feb","mar","apr","mai","iun","iul","aug","sep","oct","nov","dec")&IF(INDEX(Evenimente!$A$2:$A$16203,MATCH($F$2+90-0.000001,Evenimente!$A$2:$A$16203,1)+1)<$F$2+90+1," "&INDEX(Evenimente!$B$2:$B$16203,MATCH($F$2+90-0.000001,Evenimente!$A$2:$A$16203,1)+1)&IF(INDEX(Evenimente!$A$2:$A$16203,MATCH($F$2+90-0.000001,Evenimente!$A$2:$A$16203,1)+2)<$F$2+90+1," "&INDEX(Evenimente!$B$2:$B$16203,MATCH($F$2+90-0.000001,Evenimente!$A$2:$A$16203,1)+2),""),"") -> 21 mar
A50: 8 | B50: 9 | C50: 10 | D50: 11 | E50: 12 | F50: 13 | G50: 14
A51: =DAY($F$2+91)&" "&CHOOSE(MONTH($F$2+91),"ian","feb","mar","apr","mai","iun","iul","aug","sep","oct","nov","dec")&IF(INDEX(Evenimente!$A$2:$A$16203,MATCH($F$2+91-0.000001,Evenimente!$A$2:$A$16203,1)+1)<$F$2+91+1," "&INDEX(Evenimente!$B$2:$B$16203,MATCH($F$2+91-0.000001,Evenimente!$A$2:$A$16203,1)+1)&IF(INDEX(Evenimente!$A$2:$A$16203,MATCH($F$2+91-0.000001,Evenimente!$A$2:$A$16203,1)+2)<$F$2+91+1," "&INDEX(Evenimente!$B$2:$B$16203,MATCH($F$2+91-0.000001,Evenimente!$A$2:$A$16203,1)+2),""),"") -> 22 mar | B51: =DAY($F$2+92)&" "&CHOOSE(MONTH($F$2+92),"ian","feb","mar","apr","mai","iun","iul","aug","sep","oct","nov","dec")&IF(INDEX(Evenimente!$A$2:$A$16203,MATCH($F$2+92-0.000001,Evenimente!$A$2:$A$16203,1)+1)<$F$2+92+1," "&INDEX(Evenimente!$B$2:$B$16203,MATCH($F$2+92-0.000001,Evenimente!$A$2:$A$16203,1)+1)&IF(INDEX(Evenimente!$A$2:$A$16203,MATCH($F$2+92-0.000001,Evenimente!$A$2:$A$16203,1)+2)<$F$2+92+1," "&INDEX(Evenimente!$B$2:$B$16203,MATCH($F$2+92-0.000001,Evenimente!$A$2:$A$16203,1)+2),""),"") -> 23 mar | C51: =DAY($F$2+93)&" "&CHOOSE(MONTH($F$2+93),"ian","feb","mar","apr","mai","iun","iul","aug","sep","oct","nov","dec")&IF(INDEX(Evenimente!$A$2:$A$16203,MATCH($F$2+93-0.000001,Evenimente!$A$2:$A$16203,1)+1)<$F$2+93+1," "&INDEX(Evenimente!$B$2:$B$16203,MATCH($F$2+93-0.000001,Evenimente!$A$2:$A$16203,1)+1)&IF(INDEX(Evenimente!$A$2:$A$16203,MATCH($F$2+93-0.000001,Evenimente!$A$2:$A$16203,1)+2)<$F$2+93+1," "&INDEX(Evenimente!$B$2:$B$16203,MATCH($F$2+93-0.000001,Evenimente!$A$2:$A$16203,1)+2),""),"") -> 24 mar | D51: =DAY($F$2+94)&" "&CHOOSE(MONTH($F$2+94),"ian","feb","mar","apr","mai","iun","iul","aug","sep","oct","nov","dec")&IF(INDEX(Evenimente!$A$2:$A$16203,MATCH($F$2+94-0.000001,Evenimente!$A$2:$A$16203,1)+1)<$F$2+94+1," "&INDEX(Evenimente!$B$2:$B$16203,MATCH($F$2+94-0.000001,Evenimente!$A$2:$A$16203,1)+1)&IF(INDEX(Evenimente!$A$2:$A$16203,MATCH($F$2+94-0.000001,Evenimente!$A$2:$A$16203,1)+2)<$F$2+94+1," "&INDEX(Evenimente!$B$2:$B$16203,MATCH($F$2+94-0.000001,Evenimente!$A$2:$A$16203,1)+2),""),"") -> 25 mar ◐ | E51: =DAY($F$2+95)&" "&CHOOSE(MONTH($F$2+95),"ian","feb","mar","apr","mai","iun","iul","aug","sep","oct","nov","dec")&IF(INDEX(Evenimente!$A$2:$A$16203,MATCH($F$2+95-0.000001,Evenimente!$A$2:$A$16203,1)+1)<$F$2+95+1," "&INDEX(Evenimente!$B$2:$B$16203,MATCH($F$2+95-0.000001,Evenimente!$A$2:$A$16203,1)+1)&IF(INDEX(Evenimente!$A$2:$A$16203,MATCH($F$2+95-0.000001,Evenimente!$A$2:$A$16203,1)+2)<$F$2+95+1," "&INDEX(Evenimente!$B$2:$B$16203,MATCH($F$2+95-0.000001,Evenimente!$A$2:$A$16203,1)+2),""),"") -> 26 mar | F51: =DAY($F$2+96)&" "&CHOOSE(MONTH($F$2+96),"ian","feb","mar","apr","mai","iun","iul","aug","sep","oct","nov","dec")&IF(INDEX(Evenimente!$A$2:$A$16203,MATCH($F$2+96-0.000001,Evenimente!$A$2:$A$16203,1)+1)<$F$2+96+1," "&INDEX(Evenimente!$B$2:$B$16203,MATCH($F$2+96-0.000001,Evenimente!$A$2:$A$16203,1)+1)&IF(INDEX(Evenimente!$A$2:$A$16203,MATCH($F$2+96-0.000001,Evenimente!$A$2:$A$16203,1)+2)<$F$2+96+1," "&INDEX(Evenimente!$B$2:$B$16203,MATCH($F$2+96-0.000001,Evenimente!$A$2:$A$16203,1)+2),""),"") -> 27 mar | G51: =DAY($F$2+97)&" "&CHOOSE(MONTH($F$2+97),"ian","feb","mar","apr","mai","iun","iul","aug","sep","oct","nov","dec")&IF(INDEX(Evenimente!$A$2:$A$16203,MATCH($F$2+97-0.000001,Evenimente!$A$2:$A$16203,1)+1)<$F$2+97+1," "&INDEX(Evenimente!$B$2:$B$16203,MATCH($F$2+97-0.000001,Evenimente!$A$2:$A$16203,1)+1)&IF(INDEX(Evenimente!$A$2:$A$16203,MATCH($F$2+97-0.000001,Evenimente!$A$2:$A$16203,1)+2)<$F$2+97+1," "&INDEX(Evenimente!$B$2:$B$16203,MATCH($F$2+97-0.000001,Evenimente!$A$2:$A$16203,1)+2),""),"") -> 28 mar
A52: 15 | B52: 16 | C52: 17 | D52: 18 | E52: 19 | F52: 20 | G52: 21
A53: =DAY($F$2+98)&" "&CHOOSE(MONTH($F$2+98),"ian","feb","mar","apr","mai","iun","iul","aug","sep","oct","nov","dec")&IF(INDEX(Evenimente!$A$2:$A$16203,MATCH($F$2+98-0.000001,Evenimente!$A$2:$A$16203,1)+1)<$F$2+98+1," "&INDEX(Evenimente!$B$2:$B$16203,MATCH($F$2+98-0.000001,Evenimente!$A$2:$A$16203,1)+1)&IF(INDEX(Evenimente!$A$2:$A$16203,MATCH($F$2+98-0.000001,Evenimente!$A$2:$A$16203,1)+2)<$F$2+98+1," "&INDEX(Evenimente!$B$2:$B$16203,MATCH($F$2+98-0.000001,Evenimente!$A$2:$A$16203,1)+2),""),"") -> 29 mar | B53: =DAY($F$2+99)&" "&CHOOSE(MONTH($F$2+99),"ian","feb","mar","apr","mai","iun","iul","aug","sep","oct","nov","dec")&IF(INDEX(Evenimente!$A$2:$A$16203,MATCH($F$2+99-0.000001,Evenimente!$A$2:$A$16203,1)+1)<$F$2+99+1," "&INDEX(Evenimente!$B$2:$B$16203,MATCH($F$2+99-0.000001,Evenimente!$A$2:$A$16203,1)+1)&IF(INDEX(Evenimente!$A$2:$A$16203,MATCH($F$2+99-0.000001,Evenimente!$A$2:$A$16203,1)+2)<$F$2+99+1," "&INDEX(Evenimente!$B$2:$B$16203,MATCH($F$2+99-0.000001,Evenimente!$A$2:$A$16203,1)+2),""),"") -> 30 mar | C53: =DAY($F$2+100)&" "&CHOOSE(MONTH($F$2+100),"ian","feb","mar","apr","mai","iun","iul","aug","sep","oct","nov","dec")&IF(INDEX(Evenimente!$A$2:$A$16203,MATCH($F$2+100-0.000001,Evenimente!$A$2:$A$16203,1)+1)<$F$2+100+1," "&INDEX(Evenimente!$B$2:$B$16203,MATCH($F$2+100-0.000001,Evenimente!$A$2:$A$16203,1)+1)&IF(INDEX(Evenimente!$A$2:$A$16203,MATCH($F$2+100-0.000001,Evenimente!$A$2:$A$16203,1)+2)<$F$2+100+1," "&INDEX(Evenimente!$B$2:$B$16203,MATCH($F$2+100-0.000001,Evenimente!$A$2:$A$16203,1)+2),""),"") -> 31 mar | D53: =DAY($F$2+101)&" "&CHOOSE(MONTH($F$2+101),"ian","feb","mar","apr","mai","iun","iul","aug","sep","oct","nov","dec")&IF(INDEX(Evenimente!$A$2:$A$16203,MATCH($F$2+101-0.000001,Evenimente!$A$2:$A$16203,1)+1)<$F$2+101+1," "&INDEX(Evenimente!$B$2:$B$16203,MATCH($F$2+101-0.000001,Evenimente!$A$2:$A$16203,1)+1)&IF(INDEX(Evenimente!$A$2:$A$16203,MATCH($F$2+101-0.000001,Evenimente!$A$2:$A$16203,1)+2)<$F$2+101+1," "&INDEX(Evenimente!$B$2:$B$16203,MATCH($F$2+101-0.000001,Evenimente!$A$2:$A$16203,1)+2),""),"") -> 1 apr | E53: =DAY($F$2+102)&" "&CHOOSE(MONTH($F$2+102),"ian","feb","mar","apr","mai","iun","iul","aug","sep","oct","nov","dec")&IF(INDEX(Evenimente!$A$2:$A$16203,MATCH($F$2+102-0.000001,Evenimente!$A$2:$A$16203,1)+1)<$F$2+102+1," "&INDEX(Evenimente!$B$2:$B$16203,MATCH($F$2+102-0.000001,Evenimente!$A$2:$A$16203,1)+1)&IF(INDEX(Evenimente!$A$2:$A$16203,MATCH($F$2+102-0.000001,Evenimente!$A$2:$A$16203,1)+2)<$F$2+102+1," "&INDEX(Evenimente!$B$2:$B$16203,MATCH($F$2+102-0.000001,Evenimente!$A$2:$A$16203,1)+2),""),"") -> 2 apr ○ | F53: =DAY($F$2+103)&" "&CHOOSE(MONTH($F$2+103),"ian","feb","mar","apr","mai","iun","iul","aug","sep","oct","nov","dec")&IF(INDEX(Evenimente!$A$2:$A$16203,MATCH($F$2+103-0.000001,Evenimente!$A$2:$A$16203,1)+1)<$F$2+103+1," "&INDEX(Evenimente!$B$2:$B$16203,MATCH($F$2+103-0.000001,Evenimente!$A$2:$A$16203,1)+1)&IF(INDEX(Evenimente!$A$2:$A$16203,MATCH($F$2+103-0.000001,Evenimente!$A$2:$A$16203,1)+2)<$F$2+103+1," "&INDEX(Evenimente!$B$2:$B$16203,MATCH($F$2+103-0.000001,Evenimente!$A$2:$A$16203,1)+2),""),"") -> 3 apr | G53: =DAY($F$2+104)&" "&CHOOSE(MONTH($F$2+104),"ian","feb","mar","apr","mai","iun","iul","aug","sep","oct","nov","dec")&IF(INDEX(Evenimente!$A$2:$A$16203,MATCH($F$2+104-0.000001,Evenimente!$A$2:$A$16203,1)+1)<$F$2+104+1," "&INDEX(Evenimente!$B$2:$B$16203,MATCH($F$2+104-0.000001,Evenimente!$A$2:$A$16203,1)+1)&IF(INDEX(Evenimente!$A$2:$A$16203,MATCH($F$2+104-0.000001,Evenimente!$A$2:$A$16203,1)+2)<$F$2+104+1," "&INDEX(Evenimente!$B$2:$B$16203,MATCH($F$2+104-0.000001,Evenimente!$A$2:$A$16203,1)+2),""),"") -> 4 apr
A54: 22 | B54: 23 | C54: 24 | D54: 25 | E54: 26 | F54: 27 | G54: 28
A55: =DAY($F$2+105)&" "&CHOOSE(MONTH($F$2+105),"ian","feb","mar","apr","mai","iun","iul","aug","sep","oct","nov","dec")&IF(INDEX(Evenimente!$A$2:$A$16203,MATCH($F$2+105-0.000001,Evenimente!$A$2:$A$16203,1)+1)<$F$2+105+1," "&INDEX(Evenimente!$B$2:$B$16203,MATCH($F$2+105-0.000001,Evenimente!$A$2:$A$16203,1)+1)&IF(INDEX(Evenimente!$A$2:$A$16203,MATCH($F$2+105-0.000001,Evenimente!$A$2:$A$16203,1)+2)<$F$2+105+1," "&INDEX(Evenimente!$B$2:$B$16203,MATCH($F$2+105-0.000001,Evenimente!$A$2:$A$16203,1)+2),""),"") -> 5 apr | B55: =DAY($F$2+106)&" "&CHOOSE(MONTH($F$2+106),"ian","feb","mar","apr","mai","iun","iul","aug","sep","oct","nov","dec")&IF(INDEX(Evenimente!$A$2:$A$16203,MATCH($F$2+106-0.000001,Evenimente!$A$2:$A$16203,1)+1)<$F$2+106+1," "&INDEX(Evenimente!$B$2:$B$16203,MATCH($F$2+106-0.000001,Evenimente!$A$2:$A$16203,1)+1)&IF(INDEX(Evenimente!$A$2:$A$16203,MATCH($F$2+106-0.000001,Evenimente!$A$2:$A$16203,1)+2)<$F$2+106+1," "&INDEX(Evenimente!$B$2:$B$16203,MATCH($F$2+106-0.000001,Evenimente!$A$2:$A$16203,1)+2),""),"") -> 6 apr | C55: =DAY($F$2+107)&" "&CHOOSE(MONTH($F$2+107),"ian","feb","mar","apr","mai","iun","iul","aug","sep","oct","nov","dec")&IF(INDEX(Evenimente!$A$2:$A$16203,MATCH($F$2+107-0.000001,Evenimente!$A$2:$A$16203,1)+1)<$F$2+107+1," "&INDEX(Evenimente!$B$2:$B$16203,MATCH($F$2+107-0.000001,Evenimente!$A$2:$A$16203,1)+1)&IF(INDEX(Evenimente!$A$2:$A$16203,MATCH($F$2+107-0.000001,Evenimente!$A$2:$A$16203,1)+2)<$F$2+107+1," "&INDEX(Evenimente!$B$2:$B$16203,MATCH($F$2+107-0.000001,Evenimente!$A$2:$A$16203,1)+2),""),"") -> 7 apr | D55: =DAY($F$2+108)&" "&CHOOSE(MONTH($F$2+108),"ian","feb","mar","apr","mai","iun","iul","aug","sep","oct","nov","dec")&IF(INDEX(Evenimente!$A$2:$A$16203,MATCH($F$2+108-0.000001,Evenimente!$A$2:$A$16203,1)+1)<$F$2+108+1," "&INDEX(Evenimente!$B$2:$B$16203,MATCH($F$2+108-0.000001,Evenimente!$A$2:$A$16203,1)+1)&IF(INDEX(Evenimente!$A$2:$A$16203,MATCH($F$2+108-0.000001,Evenimente!$A$2:$A$16203,1)+2)<$F$2+108+1," "&INDEX(Evenimente!$B$2:$B$16203,MATCH($F$2+108-0.000001,Evenimente!$A$2:$A$16203,1)+2),""),"") -> 8 apr | E55: =DAY($F$2+109)&" "&CHOOSE(MONTH($F$2+109),"ian","feb","mar","apr","mai","iun","iul","aug","sep","oct","nov","dec")&IF(INDEX(Evenimente!$A$2:$A$16203,MATCH($F$2+109-0.000001,Evenimente!$A$2:$A$16203,1)+1)<$F$2+109+1," "&INDEX(Evenimente!$B$2:$B$16203,MATCH($F$2+109-0.000001,Evenimente!$A$2:$A$16203,1)+1)&IF(INDEX(Evenimente!$A$2:$A$16203,MATCH($F$2+109-0.000001,Evenimente!$A$2:$A$16203,1)+2)<$F$2+109+1," "&INDEX(Evenimente!$B$2:$B$16203,MATCH($F$2+109-0.000001,Evenimente!$A$2:$A$16203,1)+2),""),"") -> 9 apr | F55: =DAY($F$2+110)&" "&CHOOSE(MONTH($F$2+110),"ian","feb","mar","apr","mai","iun","iul","aug","sep","oct","nov","dec")&IF(INDEX(Evenimente!$A$2:$A$16203,MATCH($F$2+110-0.000001,Evenimente!$A$2:$A$16203,1)+1)<$F$2+110+1," "&INDEX(Evenimente!$B$2:$B$16203,MATCH($F$2+110-0.000001,Evenimente!$A$2:$A$16203,1)+1)&IF(INDEX(Evenimente!$A$2:$A$16203,MATCH($F$2+110-0.000001,Evenimente!$A$2:$A$16203,1)+2)<$F$2+110+1," "&INDEX(Evenimente!$B$2:$B$16203,MATCH($F$2+110-0.000001,Evenimente!$A$2:$A$16203,1)+2),""),"") -> 10 apr ◑ | G55: =DAY($F$2+111)&" "&CHOOSE(MONTH($F$2+111),"ian","feb","mar","apr","mai","iun","iul","aug","sep","oct","nov","dec")&IF(INDEX(Evenimente!$A$2:$A$16203,MATCH($F$2+111-0.000001,Evenimente!$A$2:$A$16203,1)+1)<$F$2+111+1," "&INDEX(Evenimente!$B$2:$B$16203,MATCH($F$2+111-0.000001,Evenimente!$A$2:$A$16203,1)+1)&IF(INDEX(Evenimente!$A$2:$A$16203,MATCH($F$2+111-0.000001,Evenimente!$A$2:$A$16203,1)+2)<$F$2+111+1," "&INDEX(Evenimente!$B$2:$B$16203,MATCH($F$2+111-0.000001,Evenimente!$A$2:$A$16203,1)+2),""),"") -> 11 apr
A56: ● lună nouă ◐ primul pătrar ○ lună plină ◑ ultimul pătrar ☀ solstițiu / echinocțiu ⊗ eclipsă posibilă (fenomenele sunt în UTC)
A57: ="Luna 5 · "&'Nume sanscrită'!F9&" · "&'Nume sanscrită'!E9&" मास" -> Luna 5 · Pañcama māsa · पञ्चम मास
A58: ='Nume EN-FR'!B9&" · "&'Nume EN-FR'!C9 -> Fifth month · Cinquième mois
A59: ="ER "&$B$3&" ("&$D$3&") · AE "&TEXT($C$3,"0000")&" | gregorian: "&TEXT(DAY($F$2+112),"00")&"."&TEXT(MONTH($F$2+112),"00")&"."&YEAR($F$2+112)&" – "&TEXT(DAY($F$2+139),"00")&"."&TEXT(MONTH($F$2+139),"00")&"."&YEAR($F$2+139) -> ER 12 (Mīna · Pisces · Poissons) · AE 1734 | gregorian: 12.04.2026 – 09.05.2026
A60: ='Nume sanscrită'!B21&CHAR(10)&IF($G$3="Numerice",'Nume sanscrită'!G21,'Nume sanscrită'!C21)&CHAR(10)&IF($G$3="Numerice",'Nume EN-FR'!E21&" / "&'Nume EN-FR'!F21,'Nume EN-FR'!C21&" / "&'Nume EN-FR'!D21) -> Luni Somavāra Monday / lundi | B60: ='Nume sanscrită'!B22&CHAR(10)&IF($G$3="Numerice",'Nume sanscrită'!G22,'Nume sanscrită'!C22)&CHAR(10)&IF($G$3="Numerice",'Nume EN-FR'!E22&" / "&'Nume EN-FR'!F22,'Nume EN-FR'!C22&" / "&'Nume EN-FR'!D22) -> Marți Maṅgalavāra Tuesday / mardi | C60: ='Nume sanscrită'!B23&CHAR(10)&IF($G$3="Numerice",'Nume sanscrită'!G23,'Nume sanscrită'!C23)&CHAR(10)&IF($G$3="Numerice",'Nume EN-FR'!E23&" / "&'Nume EN-FR'!F23,'Nume EN-FR'!C23&" / "&'Nume EN-FR'!D23) -> Miercuri Budhavāra Wednesday / mercredi | D60: ='Nume sanscrită'!B24&CHAR(10)&IF($G$3="Numerice",'Nume sanscrită'!G24,'Nume sanscrită'!C24)&CHAR(10)&IF($G$3="Numerice",'Nume EN-FR'!E24&" / "&'Nume EN-FR'!F24,'Nume EN-FR'!C24&" / "&'Nume EN-FR'!D24) -> Joi Guruvāra Thursday / jeudi | E60: ='Nume sanscrită'!B25&CHAR(10)&IF($G$3="Numerice",'Nume sanscrită'!G25,'Nume sanscrită'!C25)&CHAR(10)&IF($G$3="Numerice",'Nume EN-FR'!E25&" / "&'Nume EN-FR'!F25,'Nume EN-FR'!C25&" / "&'Nume EN-FR'!D25) -> Vineri Śukravāra Friday / vendredi | F60: ='Nume sanscrită'!B26&CHAR(10)&IF($G$3="Numerice",'Nume sanscrită'!G26,'Nume sanscrită'!C26)&CHAR(10)&IF($G$3="Numerice",'Nume EN-FR'!E26&" / "&'Nume EN-FR'!F26,'Nume EN-FR'!C26&" / "&'Nume EN-FR'!D26) -> Sâmbătă Śanivāra Saturday / samedi | G60: ='Nume sanscrită'!B27&CHAR(10)&IF($G$3="Numerice",'Nume sanscrită'!G27,'Nume sanscrită'!C27)&CHAR(10)&IF($G$3="Numerice",'Nume EN-FR'!E27&" / "&'Nume EN-FR'!F27,'Nume EN-FR'!C27&" / "&'Nume EN-FR'!D27) -> Duminică Ravivāra Sunday / dimanche
A61: 1 | B61: 2 | C61: 3 | D61: 4 | E61: 5 | F61: 6 | G61: 7
A62: =DAY($F$2+112)&" "&CHOOSE(MONTH($F$2+112),"ian","feb","mar","apr","mai","iun","iul","aug","sep","oct","nov","dec")&IF(INDEX(Evenimente!$A$2:$A$16203,MATCH($F$2+112-0.000001,Evenimente!$A$2:$A$16203,1)+1)<$F$2+112+1," "&INDEX(Evenimente!$B$2:$B$16203,MATCH($F$2+112-0.000001,Evenimente!$A$2:$A$16203,1)+1)&IF(INDEX(Evenimente!$A$2:$A$16203,MATCH($F$2+112-0.000001,Evenimente!$A$2:$A$16203,1)+2)<$F$2+112+1," "&INDEX(Evenimente!$B$2:$B$16203,MATCH($F$2+112-0.000001,Evenimente!$A$2:$A$16203,1)+2),""),"") -> 12 apr | B62: =DAY($F$2+113)&" "&CHOOSE(MONTH($F$2+113),"ian","feb","mar","apr","mai","iun","iul","aug","sep","oct","nov","dec")&IF(INDEX(Evenimente!$A$2:$A$16203,MATCH($F$2+113-0.000001,Evenimente!$A$2:$A$16203,1)+1)<$F$2+113+1," "&INDEX(Evenimente!$B$2:$B$16203,MATCH($F$2+113-0.000001,Evenimente!$A$2:$A$16203,1)+1)&IF(INDEX(Evenimente!$A$2:$A$16203,MATCH($F$2+113-0.000001,Evenimente!$A$2:$A$16203,1)+2)<$F$2+113+1," "&INDEX(Evenimente!$B$2:$B$16203,MATCH($F$2+113-0.000001,Evenimente!$A$2:$A$16203,1)+2),""),"") -> 13 apr | C62: =DAY($F$2+114)&" "&CHOOSE(MONTH($F$2+114),"ian","feb","mar","apr","mai","iun","iul","aug","sep","oct","nov","dec")&IF(INDEX(Evenimente!$A$2:$A$16203,MATCH($F$2+114-0.000001,Evenimente!$A$2:$A$16203,1)+1)<$F$2+114+1," "&INDEX(Evenimente!$B$2:$B$16203,MATCH($F$2+114-0.000001,Evenimente!$A$2:$A$16203,1)+1)&IF(INDEX(Evenimente!$A$2:$A$16203,MATCH($F$2+114-0.000001,Evenimente!$A$2:$A$16203,1)+2)<$F$2+114+1," "&INDEX(Evenimente!$B$2:$B$16203,MATCH($F$2+114-0.000001,Evenimente!$A$2:$A$16203,1)+2),""),"") -> 14 apr | D62: =DAY($F$2+115)&" "&CHOOSE(MONTH($F$2+115),"ian","feb","mar","apr","mai","iun","iul","aug","sep","oct","nov","dec")&IF(INDEX(Evenimente!$A$2:$A$16203,MATCH($F$2+115-0.000001,Evenimente!$A$2:$A$16203,1)+1)<$F$2+115+1," "&INDEX(Evenimente!$B$2:$B$16203,MATCH($F$2+115-0.000001,Evenimente!$A$2:$A$16203,1)+1)&IF(INDEX(Evenimente!$A$2:$A$16203,MATCH($F$2+115-0.000001,Evenimente!$A$2:$A$16203,1)+2)<$F$2+115+1," "&INDEX(Evenimente!$B$2:$B$16203,MATCH($F$2+115-0.000001,Evenimente!$A$2:$A$16203,1)+2),""),"") -> 15 apr | E62: =DAY($F$2+116)&" "&CHOOSE(MONTH($F$2+116),"ian","feb","mar","apr","mai","iun","iul","aug","sep","oct","nov","dec")&IF(INDEX(Evenimente!$A$2:$A$16203,MATCH($F$2+116-0.000001,Evenimente!$A$2:$A$16203,1)+1)<$F$2+116+1," "&INDEX(Evenimente!$B$2:$B$16203,MATCH($F$2+116-0.000001,Evenimente!$A$2:$A$16203,1)+1)&IF(INDEX(Evenimente!$A$2:$A$16203,MATCH($F$2+116-0.000001,Evenimente!$A$2:$A$16203,1)+2)<$F$2+116+1," "&INDEX(Evenimente!$B$2:$B$16203,MATCH($F$2+116-0.000001,Evenimente!$A$2:$A$16203,1)+2),""),"") -> 16 apr | F62: =DAY($F$2+117)&" "&CHOOSE(MONTH($F$2+117),"ian","feb","mar","apr","mai","iun","iul","aug","sep","oct","nov","dec")&IF(INDEX(Evenimente!$A$2:$A$16203,MATCH($F$2+117-0.000001,Evenimente!$A$2:$A$16203,1)+1)<$F$2+117+1," "&INDEX(Evenimente!$B$2:$B$16203,MATCH($F$2+117-0.000001,Evenimente!$A$2:$A$16203,1)+1)&IF(INDEX(Evenimente!$A$2:$A$16203,MATCH($F$2+117-0.000001,Evenimente!$A$2:$A$16203,1)+2)<$F$2+117+1," "&INDEX(Evenimente!$B$2:$B$16203,MATCH($F$2+117-0.000001,Evenimente!$A$2:$A$16203,1)+2),""),"") -> 17 apr ● | G62: =DAY($F$2+118)&" "&CHOOSE(MONTH($F$2+118),"ian","feb","mar","apr","mai","iun","iul","aug","sep","oct","nov","dec")&IF(INDEX(Evenimente!$A$2:$A$16203,MATCH($F$2+118-0.000001,Evenimente!$A$2:$A$16203,1)+1)<$F$2+118+1," "&INDEX(Evenimente!$B$2:$B$16203,MATCH($F$2+118-0.000001,Evenimente!$A$2:$A$16203,1)+1)&IF(INDEX(Evenimente!$A$2:$A$16203,MATCH($F$2+118-0.000001,Evenimente!$A$2:$A$16203,1)+2)<$F$2+118+1," "&INDEX(Evenimente!$B$2:$B$16203,MATCH($F$2+118-0.000001,Evenimente!$A$2:$A$16203,1)+2),""),"") -> 18 apr
A63: 8 | B63: 9 | C63: 10 | D63: 11 | E63: 12 | F63: 13 | G63: 14
A64: =DAY($F$2+119)&" "&CHOOSE(MONTH($F$2+119),"ian","feb","mar","apr","mai","iun","iul","aug","sep","oct","nov","dec")&IF(INDEX(Evenimente!$A$2:$A$16203,MATCH($F$2+119-0.000001,Evenimente!$A$2:$A$16203,1)+1)<$F$2+119+1," "&INDEX(Evenimente!$B$2:$B$16203,MATCH($F$2+119-0.000001,Evenimente!$A$2:$A$16203,1)+1)&IF(INDEX(Evenimente!$A$2:$A$16203,MATCH($F$2+119-0.000001,Evenimente!$A$2:$A$16203,1)+2)<$F$2+119+1," "&INDEX(Evenimente!$B$2:$B$16203,MATCH($F$2+119-0.000001,Evenimente!$A$2:$A$16203,1)+2),""),"") -> 19 apr | B64: =DAY($F$2+120)&" "&CHOOSE(MONTH($F$2+120),"ian","feb","mar","apr","mai","iun","iul","aug","sep","oct","nov","dec")&IF(INDEX(Evenimente!$A$2:$A$16203,MATCH($F$2+120-0.000001,Evenimente!$A$2:$A$16203,1)+1)<$F$2+120+1," "&INDEX(Evenimente!$B$2:$B$16203,MATCH($F$2+120-0.000001,Evenimente!$A$2:$A$16203,1)+1)&IF(INDEX(Evenimente!$A$2:$A$16203,MATCH($F$2+120-0.000001,Evenimente!$A$2:$A$16203,1)+2)<$F$2+120+1," "&INDEX(Evenimente!$B$2:$B$16203,MATCH($F$2+120-0.000001,Evenimente!$A$2:$A$16203,1)+2),""),"") -> 20 apr | C64: =DAY($F$2+121)&" "&CHOOSE(MONTH($F$2+121),"ian","feb","mar","apr","mai","iun","iul","aug","sep","oct","nov","dec")&IF(INDEX(Evenimente!$A$2:$A$16203,MATCH($F$2+121-0.000001,Evenimente!$A$2:$A$16203,1)+1)<$F$2+121+1," "&INDEX(Evenimente!$B$2:$B$16203,MATCH($F$2+121-0.000001,Evenimente!$A$2:$A$16203,1)+1)&IF(INDEX(Evenimente!$A$2:$A$16203,MATCH($F$2+121-0.000001,Evenimente!$A$2:$A$16203,1)+2)<$F$2+121+1," "&INDEX(Evenimente!$B$2:$B$16203,MATCH($F$2+121-0.000001,Evenimente!$A$2:$A$16203,1)+2),""),"") -> 21 apr | D64: =DAY($F$2+122)&" "&CHOOSE(MONTH($F$2+122),"ian","feb","mar","apr","mai","iun","iul","aug","sep","oct","nov","dec")&IF(INDEX(Evenimente!$A$2:$A$16203,MATCH($F$2+122-0.000001,Evenimente!$A$2:$A$16203,1)+1)<$F$2+122+1," "&INDEX(Evenimente!$B$2:$B$16203,MATCH($F$2+122-0.000001,Evenimente!$A$2:$A$16203,1)+1)&IF(INDEX(Evenimente!$A$2:$A$16203,MATCH($F$2+122-0.000001,Evenimente!$A$2:$A$16203,1)+2)<$F$2+122+1," "&INDEX(Evenimente!$B$2:$B$16203,MATCH($F$2+122-0.000001,Evenimente!$A$2:$A$16203,1)+2),""),"") -> 22 apr | E64: =DAY($F$2+123)&" "&CHOOSE(MONTH($F$2+123),"ian","feb","mar","apr","mai","iun","iul","aug","sep","oct","nov","dec")&IF(INDEX(Evenimente!$A$2:$A$16203,MATCH($F$2+123-0.000001,Evenimente!$A$2:$A$16203,1)+1)<$F$2+123+1," "&INDEX(Evenimente!$B$2:$B$16203,MATCH($F$2+123-0.000001,Evenimente!$A$2:$A$16203,1)+1)&IF(INDEX(Evenimente!$A$2:$A$16203,MATCH($F$2+123-0.000001,Evenimente!$A$2:$A$16203,1)+2)<$F$2+123+1," "&INDEX(Evenimente!$B$2:$B$16203,MATCH($F$2+123-0.000001,Evenimente!$A$2:$A$16203,1)+2),""),"") -> 23 apr | F64: =DAY($F$2+124)&" "&CHOOSE(MONTH($F$2+124),"ian","feb","mar","apr","mai","iun","iul","aug","sep","oct","nov","dec")&IF(INDEX(Evenimente!$A$2:$A$16203,MATCH($F$2+124-0.000001,Evenimente!$A$2:$A$16203,1)+1)<$F$2+124+1," "&INDEX(Evenimente!$B$2:$B$16203,MATCH($F$2+124-0.000001,Evenimente!$A$2:$A$16203,1)+1)&IF(INDEX(Evenimente!$A$2:$A$16203,MATCH($F$2+124-0.000001,Evenimente!$A$2:$A$16203,1)+2)<$F$2+124+1," "&INDEX(Evenimente!$B$2:$B$16203,MATCH($F$2+124-0.000001,Evenimente!$A$2:$A$16203,1)+2),""),"") -> 24 apr ◐ | G64: =DAY($F$2+125)&" "&CHOOSE(MONTH($F$2+125),"ian","feb","mar","apr","mai","iun","iul","aug","sep","oct","nov","dec")&IF(INDEX(Evenimente!$A$2:$A$16203,MATCH($F$2+125-0.000001,Evenimente!$A$2:$A$16203,1)+1)<$F$2+125+1," "&INDEX(Evenimente!$B$2:$B$16203,MATCH($F$2+125-0.000001,Evenimente!$A$2:$A$16203,1)+1)&IF(INDEX(Evenimente!$A$2:$A$16203,MATCH($F$2+125-0.000001,Evenimente!$A$2:$A$16203,1)+2)<$F$2+125+1," "&INDEX(Evenimente!$B$2:$B$16203,MATCH($F$2+125-0.000001,Evenimente!$A$2:$A$16203,1)+2),""),"") -> 25 apr
A65: 15 | B65: 16 | C65: 17 | D65: 18 | E65: 19 | F65: 20 | G65: 21
A66: =DAY($F$2+126)&" "&CHOOSE(MONTH($F$2+126),"ian","feb","mar","apr","mai","iun","iul","aug","sep","oct","nov","dec")&IF(INDEX(Evenimente!$A$2:$A$16203,MATCH($F$2+126-0.000001,Evenimente!$A$2:$A$16203,1)+1)<$F$2+126+1," "&INDEX(Evenimente!$B$2:$B$16203,MATCH($F$2+126-0.000001,Evenimente!$A$2:$A$16203,1)+1)&IF(INDEX(Evenimente!$A$2:$A$16203,MATCH($F$2+126-0.000001,Evenimente!$A$2:$A$16203,1)+2)<$F$2+126+1," "&INDEX(Evenimente!$B$2:$B$16203,MATCH($F$2+126-0.000001,Evenimente!$A$2:$A$16203,1)+2),""),"") -> 26 apr | B66: =DAY($F$2+127)&" "&CHOOSE(MONTH($F$2+127),"ian","feb","mar","apr","mai","iun","iul","aug","sep","oct","nov","dec")&IF(INDEX(Evenimente!$A$2:$A$16203,MATCH($F$2+127-0.000001,Evenimente!$A$2:$A$16203,1)+1)<$F$2+127+1," "&INDEX(Evenimente!$B$2:$B$16203,MATCH($F$2+127-0.000001,Evenimente!$A$2:$A$16203,1)+1)&IF(INDEX(Evenimente!$A$2:$A$16203,MATCH($F$2+127-0.000001,Evenimente!$A$2:$A$16203,1)+2)<$F$2+127+1," "&INDEX(Evenimente!$B$2:$B$16203,MATCH($F$2+127-0.000001,Evenimente!$A$2:$A$16203,1)+2),""),"") -> 27 apr | C66: =DAY($F$2+128)&" "&CHOOSE(MONTH($F$2+128),"ian","feb","mar","apr","mai","iun","iul","aug","sep","oct","nov","dec")&IF(INDEX(Evenimente!$A$2:$A$16203,MATCH($F$2+128-0.000001,Evenimente!$A$2:$A$16203,1)+1)<$F$2+128+1," "&INDEX(Evenimente!$B$2:$B$16203,MATCH($F$2+128-0.000001,Evenimente!$A$2:$A$16203,1)+1)&IF(INDEX(Evenimente!$A$2:$A$16203,MATCH($F$2+128-0.000001,Evenimente!$A$2:$A$16203,1)+2)<$F$2+128+1," "&INDEX(Evenimente!$B$2:$B$16203,MATCH($F$2+128-0.000001,Evenimente!$A$2:$A$16203,1)+2),""),"") -> 28 apr | D66: =DAY($F$2+129)&" "&CHOOSE(MONTH($F$2+129),"ian","feb","mar","apr","mai","iun","iul","aug","sep","oct","nov","dec")&IF(INDEX(Evenimente!$A$2:$A$16203,MATCH($F$2+129-0.000001,Evenimente!$A$2:$A$16203,1)+1)<$F$2+129+1," "&INDEX(Evenimente!$B$2:$B$16203,MATCH($F$2+129-0.000001,Evenimente!$A$2:$A$16203,1)+1)&IF(INDEX(Evenimente!$A$2:$A$16203,MATCH($F$2+129-0.000001,Evenimente!$A$2:$A$16203,1)+2)<$F$2+129+1," "&INDEX(Evenimente!$B$2:$B$16203,MATCH($F$2+129-0.000001,Evenimente!$A$2:$A$16203,1)+2),""),"") -> 29 apr | E66: =DAY($F$2+130)&" "&CHOOSE(MONTH($F$2+130),"ian","feb","mar","apr","mai","iun","iul","aug","sep","oct","nov","dec")&IF(INDEX(Evenimente!$A$2:$A$16203,MATCH($F$2+130-0.000001,Evenimente!$A$2:$A$16203,1)+1)<$F$2+130+1," "&INDEX(Evenimente!$B$2:$B$16203,MATCH($F$2+130-0.000001,Evenimente!$A$2:$A$16203,1)+1)&IF(INDEX(Evenimente!$A$2:$A$16203,MATCH($F$2+130-0.000001,Evenimente!$A$2:$A$16203,1)+2)<$F$2+130+1," "&INDEX(Evenimente!$B$2:$B$16203,MATCH($F$2+130-0.000001,Evenimente!$A$2:$A$16203,1)+2),""),"") -> 30 apr | F66: =DAY($F$2+131)&" "&CHOOSE(MONTH($F$2+131),"ian","feb","mar","apr","mai","iun","iul","aug","sep","oct","nov","dec")&IF(INDEX(Evenimente!$A$2:$A$16203,MATCH($F$2+131-0.000001,Evenimente!$A$2:$A$16203,1)+1)<$F$2+131+1," "&INDEX(Evenimente!$B$2:$B$16203,MATCH($F$2+131-0.000001,Evenimente!$A$2:$A$16203,1)+1)&IF(INDEX(Evenimente!$A$2:$A$16203,MATCH($F$2+131-0.000001,Evenimente!$A$2:$A$16203,1)+2)<$F$2+131+1," "&INDEX(Evenimente!$B$2:$B$16203,MATCH($F$2+131-0.000001,Evenimente!$A$2:$A$16203,1)+2),""),"") -> 1 mai ○ | G66: =DAY($F$2+132)&" "&CHOOSE(MONTH($F$2+132),"ian","feb","mar","apr","mai","iun","iul","aug","sep","oct","nov","dec")&IF(INDEX(Evenimente!$A$2:$A$16203,MATCH($F$2+132-0.000001,Evenimente!$A$2:$A$16203,1)+1)<$F$2+132+1," "&INDEX(Evenimente!$B$2:$B$16203,MATCH($F$2+132-0.000001,Evenimente!$A$2:$A$16203,1)+1)&IF(INDEX(Evenimente!$A$2:$A$16203,MATCH($F$2+132-0.000001,Evenimente!$A$2:$A$16203,1)+2)<$F$2+132+1," "&INDEX(Evenimente!$B$2:$B$16203,MATCH($F$2+132-0.000001,Evenimente!$A$2:$A$16203,1)+2),""),"") -> 2 mai
A67: 22 | B67: 23 | C67: 24 | D67: 25 | E67: 26 | F67: 27 | G67: 28
A68: =DAY($F$2+133)&" "&CHOOSE(MONTH($F$2+133),"ian","feb","mar","apr","mai","iun","iul","aug","sep","oct","nov","dec")&IF(INDEX(Evenimente!$A$2:$A$16203,MATCH($F$2+133-0.000001,Evenimente!$A$2:$A$16203,1)+1)<$F$2+133+1," "&INDEX(Evenimente!$B$2:$B$16203,MATCH($F$2+133-0.000001,Evenimente!$A$2:$A$16203,1)+1)&IF(INDEX(Evenimente!$A$2:$A$16203,MATCH($F$2+133-0.000001,Evenimente!$A$2:$A$16203,1)+2)<$F$2+133+1," "&INDEX(Evenimente!$B$2:$B$16203,MATCH($F$2+133-0.000001,Evenimente!$A$2:$A$16203,1)+2),""),"") -> 3 mai | B68: =DAY($F$2+134)&" "&CHOOSE(MONTH($F$2+134),"ian","feb","mar","apr","mai","iun","iul","aug","sep","oct","nov","dec")&IF(INDEX(Evenimente!$A$2:$A$16203,MATCH($F$2+134-0.000001,Evenimente!$A$2:$A$16203,1)+1)<$F$2+134+1," "&INDEX(Evenimente!$B$2:$B$16203,MATCH($F$2+134-0.000001,Evenimente!$A$2:$A$16203,1)+1)&IF(INDEX(Evenimente!$A$2:$A$16203,MATCH($F$2+134-0.000001,Evenimente!$A$2:$A$16203,1)+2)<$F$2+134+1," "&INDEX(Evenimente!$B$2:$B$16203,MATCH($F$2+134-0.000001,Evenimente!$A$2:$A$16203,1)+2),""),"") -> 4 mai | C68: =DAY($F$2+135)&" "&CHOOSE(MONTH($F$2+135),"ian","feb","mar","apr","mai","iun","iul","aug","sep","oct","nov","dec")&IF(INDEX(Evenimente!$A$2:$A$16203,MATCH($F$2+135-0.000001,Evenimente!$A$2:$A$16203,1)+1)<$F$2+135+1," "&INDEX(Evenimente!$B$2:$B$16203,MATCH($F$2+135-0.000001,Evenimente!$A$2:$A$16203,1)+1)&IF(INDEX(Evenimente!$A$2:$A$16203,MATCH($F$2+135-0.000001,Evenimente!$A$2:$A$16203,1)+2)<$F$2+135+1," "&INDEX(Evenimente!$B$2:$B$16203,MATCH($F$2+135-0.000001,Evenimente!$A$2:$A$16203,1)+2),""),"") -> 5 mai | D68: =DAY($F$2+136)&" "&CHOOSE(MONTH($F$2+136),"ian","feb","mar","apr","mai","iun","iul","aug","sep","oct","nov","dec")&IF(INDEX(Evenimente!$A$2:$A$16203,MATCH($F$2+136-0.000001,Evenimente!$A$2:$A$16203,1)+1)<$F$2+136+1," "&INDEX(Evenimente!$B$2:$B$16203,MATCH($F$2+136-0.000001,Evenimente!$A$2:$A$16203,1)+1)&IF(INDEX(Evenimente!$A$2:$A$16203,MATCH($F$2+136-0.000001,Evenimente!$A$2:$A$16203,1)+2)<$F$2+136+1," "&INDEX(Evenimente!$B$2:$B$16203,MATCH($F$2+136-0.000001,Evenimente!$A$2:$A$16203,1)+2),""),"") -> 6 mai | E68: =DAY($F$2+137)&" "&CHOOSE(MONTH($F$2+137),"ian","feb","mar","apr","mai","iun","iul","aug","sep","oct","nov","dec")&IF(INDEX(Evenimente!$A$2:$A$16203,MATCH($F$2+137-0.000001,Evenimente!$A$2:$A$16203,1)+1)<$F$2+137+1," "&INDEX(Evenimente!$B$2:$B$16203,MATCH($F$2+137-0.000001,Evenimente!$A$2:$A$16203,1)+1)&IF(INDEX(Evenimente!$A$2:$A$16203,MATCH($F$2+137-0.000001,Evenimente!$A$2:$A$16203,1)+2)<$F$2+137+1," "&INDEX(Evenimente!$B$2:$B$16203,MATCH($F$2+137-0.000001,Evenimente!$A$2:$A$16203,1)+2),""),"") -> 7 mai | F68: =DAY($F$2+138)&" "&CHOOSE(MONTH($F$2+138),"ian","feb","mar","apr","mai","iun","iul","aug","sep","oct","nov","dec")&IF(INDEX(Evenimente!$A$2:$A$16203,MATCH($F$2+138-0.000001,Evenimente!$A$2:$A$16203,1)+1)<$F$2+138+1," "&INDEX(Evenimente!$B$2:$B$16203,MATCH($F$2+138-0.000001,Evenimente!$A$2:$A$16203,1)+1)&IF(INDEX(Evenimente!$A$2:$A$16203,MATCH($F$2+138-0.000001,Evenimente!$A$2:$A$16203,1)+2)<$F$2+138+1," "&INDEX(Evenimente!$B$2:$B$16203,MATCH($F$2+138-0.000001,Evenimente!$A$2:$A$16203,1)+2),""),"") -> 8 mai | G68: =DAY($F$2+139)&" "&CHOOSE(MONTH($F$2+139),"ian","feb","mar","apr","mai","iun","iul","aug","sep","oct","nov","dec")&IF(INDEX(Evenimente!$A$2:$A$16203,MATCH($F$2+139-0.000001,Evenimente!$A$2:$A$16203,1)+1)<$F$2+139+1," "&INDEX(Evenimente!$B$2:$B$16203,MATCH($F$2+139-0.000001,Evenimente!$A$2:$A$16203,1)+1)&IF(INDEX(Evenimente!$A$2:$A$16203,MATCH($F$2+139-0.000001,Evenimente!$A$2:$A$16203,1)+2)<$F$2+139+1," "&INDEX(Evenimente!$B$2:$B$16203,MATCH($F$2+139-0.000001,Evenimente!$A$2:$A$16203,1)+2),""),"") -> 9 mai ◑
A69: ● lună nouă ◐ primul pătrar ○ lună plină ◑ ultimul pătrar ☀ solstițiu / echinocțiu ⊗ eclipsă posibilă (fenomenele sunt în UTC)
A70: ="Luna 6 · "&'Nume sanscrită'!F10&" · "&'Nume sanscrită'!E10&" मास" -> Luna 6 · Ṣaṣṭha māsa · षष्ठ मास
A71: ='Nume EN-FR'!B10&" · "&'Nume EN-FR'!C10 -> Sixth month · Sixième mois
A72: ="ER "&$B$3&" ("&$D$3&") · AE "&TEXT($C$3,"0000")&" | gregorian: "&TEXT(DAY($F$2+140),"00")&"."&TEXT(MONTH($F$2+140),"00")&"."&YEAR($F$2+140)&" – "&TEXT(DAY($F$2+167),"00")&"."&TEXT(MONTH($F$2+167),"00")&"."&YEAR($F$2+167) -> ER 12 (Mīna · Pisces · Poissons) · AE 1734 | gregorian: 10.05.2026 – 06.06.2026
A73: ='Nume sanscrită'!B21&CHAR(10)&IF($G$3="Numerice",'Nume sanscrită'!G21,'Nume sanscrită'!C21)&CHAR(10)&IF($G$3="Numerice",'Nume EN-FR'!E21&" / "&'Nume EN-FR'!F21,'Nume EN-FR'!C21&" / "&'Nume EN-FR'!D21) -> Luni Somavāra Monday / lundi | B73: ='Nume sanscrită'!B22&CHAR(10)&IF($G$3="Numerice",'Nume sanscrită'!G22,'Nume sanscrită'!C22)&CHAR(10)&IF($G$3="Numerice",'Nume EN-FR'!E22&" / "&'Nume EN-FR'!F22,'Nume EN-FR'!C22&" / "&'Nume EN-FR'!D22) -> Marți Maṅgalavāra Tuesday / mardi | C73: ='Nume sanscrită'!B23&CHAR(10)&IF($G$3="Numerice",'Nume sanscrită'!G23,'Nume sanscrită'!C23)&CHAR(10)&IF($G$3="Numerice",'Nume EN-FR'!E23&" / "&'Nume EN-FR'!F23,'Nume EN-FR'!C23&" / "&'Nume EN-FR'!D23) -> Miercuri Budhavāra Wednesday / mercredi | D73: ='Nume sanscrită'!B24&CHAR(10)&IF($G$3="Numerice",'Nume sanscrită'!G24,'Nume sanscrită'!C24)&CHAR(10)&IF($G$3="Numerice",'Nume EN-FR'!E24&" / "&'Nume EN-FR'!F24,'Nume EN-FR'!C24&" / "&'Nume EN-FR'!D24) -> Joi Guruvāra Thursday / jeudi | E73: ='Nume sanscrită'!B25&CHAR(10)&IF($G$3="Numerice",'Nume sanscrită'!G25,'Nume sanscrită'!C25)&CHAR(10)&IF($G$3="Numerice",'Nume EN-FR'!E25&" / "&'Nume EN-FR'!F25,'Nume EN-FR'!C25&" / "&'Nume EN-FR'!D25) -> Vineri Śukravāra Friday / vendredi | F73: ='Nume sanscrită'!B26&CHAR(10)&IF($G$3="Numerice",'Nume sanscrită'!G26,'Nume sanscrită'!C26)&CHAR(10)&IF($G$3="Numerice",'Nume EN-FR'!E26&" / "&'Nume EN-FR'!F26,'Nume EN-FR'!C26&" / "&'Nume EN-FR'!D26) -> Sâmbătă Śanivāra Saturday / samedi | G73: ='Nume sanscrită'!B27&CHAR(10)&IF($G$3="Numerice",'Nume sanscrită'!G27,'Nume sanscrită'!C27)&CHAR(10)&IF($G$3="Numerice",'Nume EN-FR'!E27&" / "&'Nume EN-FR'!F27,'Nume EN-FR'!C27&" / "&'Nume EN-FR'!D27) -> Duminică Ravivāra Sunday / dimanche
A74: 1 | B74: 2 | C74: 3 | D74: 4 | E74: 5 | F74: 6 | G74: 7
A75: =DAY($F$2+140)&" "&CHOOSE(MONTH($F$2+140),"ian","feb","mar","apr","mai","iun","iul","aug","sep","oct","nov","dec")&IF(INDEX(Evenimente!$A$2:$A$16203,MATCH($F$2+140-0.000001,Evenimente!$A$2:$A$16203,1)+1)<$F$2+140+1," "&INDEX(Evenimente!$B$2:$B$16203,MATCH($F$2+140-0.000001,Evenimente!$A$2:$A$16203,1)+1)&IF(INDEX(Evenimente!$A$2:$A$16203,MATCH($F$2+140-0.000001,Evenimente!$A$2:$A$16203,1)+2)<$F$2+140+1," "&INDEX(Evenimente!$B$2:$B$16203,MATCH($F$2+140-0.000001,Evenimente!$A$2:$A$16203,1)+2),""),"") -> 10 mai | B75: =DAY($F$2+141)&" "&CHOOSE(MONTH($F$2+141),"ian","feb","mar","apr","mai","iun","iul","aug","sep","oct","nov","dec")&IF(INDEX(Evenimente!$A$2:$A$16203,MATCH($F$2+141-0.000001,Evenimente!$A$2:$A$16203,1)+1)<$F$2+141+1," "&INDEX(Evenimente!$B$2:$B$16203,MATCH($F$2+141-0.000001,Evenimente!$A$2:$A$16203,1)+1)&IF(INDEX(Evenimente!$A$2:$A$16203,MATCH($F$2+141-0.000001,Evenimente!$A$2:$A$16203,1)+2)<$F$2+141+1," "&INDEX(Evenimente!$B$2:$B$16203,MATCH($F$2+141-0.000001,Evenimente!$A$2:$A$16203,1)+2),""),"") -> 11 mai | C75: =DAY($F$2+142)&" "&CHOOSE(MONTH($F$2+142),"ian","feb","mar","apr","mai","iun","iul","aug","sep","oct","nov","dec")&IF(INDEX(Evenimente!$A$2:$A$16203,MATCH($F$2+142-0.000001,Evenimente!$A$2:$A$16203,1)+1)<$F$2+142+1," "&INDEX(Evenimente!$B$2:$B$16203,MATCH($F$2+142-0.000001,Evenimente!$A$2:$A$16203,1)+1)&IF(INDEX(Evenimente!$A$2:$A$16203,MATCH($F$2+142-0.000001,Evenimente!$A$2:$A$16203,1)+2)<$F$2+142+1," "&INDEX(Evenimente!$B$2:$B$16203,MATCH($F$2+142-0.000001,Evenimente!$A$2:$A$16203,1)+2),""),"") -> 12 mai | D75: =DAY($F$2+143)&" "&CHOOSE(MONTH($F$2+143),"ian","feb","mar","apr","mai","iun","iul","aug","sep","oct","nov","dec")&IF(INDEX(Evenimente!$A$2:$A$16203,MATCH($F$2+143-0.000001,Evenimente!$A$2:$A$16203,1)+1)<$F$2+143+1," "&INDEX(Evenimente!$B$2:$B$16203,MATCH($F$2+143-0.000001,Evenimente!$A$2:$A$16203,1)+1)&IF(INDEX(Evenimente!$A$2:$A$16203,MATCH($F$2+143-0.000001,Evenimente!$A$2:$A$16203,1)+2)<$F$2+143+1," "&INDEX(Evenimente!$B$2:$B$16203,MATCH($F$2+143-0.000001,Evenimente!$A$2:$A$16203,1)+2),""),"") -> 13 mai | E75: =DAY($F$2+144)&" "&CHOOSE(MONTH($F$2+144),"ian","feb","mar","apr","mai","iun","iul","aug","sep","oct","nov","dec")&IF(INDEX(Evenimente!$A$2:$A$16203,MATCH($F$2+144-0.000001,Evenimente!$A$2:$A$16203,1)+1)<$F$2+144+1," "&INDEX(Evenimente!$B$2:$B$16203,MATCH($F$2+144-0.000001,Evenimente!$A$2:$A$16203,1)+1)&IF(INDEX(Evenimente!$A$2:$A$16203,MATCH($F$2+144-0.000001,Evenimente!$A$2:$A$16203,1)+2)<$F$2+144+1," "&INDEX(Evenimente!$B$2:$B$16203,MATCH($F$2+144-0.000001,Evenimente!$A$2:$A$16203,1)+2),""),"") -> 14 mai | F75: =DAY($F$2+145)&" "&CHOOSE(MONTH($F$2+145),"ian","feb","mar","apr","mai","iun","iul","aug","sep","oct","nov","dec")&IF(INDEX(Evenimente!$A$2:$A$16203,MATCH($F$2+145-0.000001,Evenimente!$A$2:$A$16203,1)+1)<$F$2+145+1," "&INDEX(Evenimente!$B$2:$B$16203,MATCH($F$2+145-0.000001,Evenimente!$A$2:$A$16203,1)+1)&IF(INDEX(Evenimente!$A$2:$A$16203,MATCH($F$2+145-0.000001,Evenimente!$A$2:$A$16203,1)+2)<$F$2+145+1," "&INDEX(Evenimente!$B$2:$B$16203,MATCH($F$2+145-0.000001,Evenimente!$A$2:$A$16203,1)+2),""),"") -> 15 mai | G75: =DAY($F$2+146)&" "&CHOOSE(MONTH($F$2+146),"ian","feb","mar","apr","mai","iun","iul","aug","sep","oct","nov","dec")&IF(INDEX(Evenimente!$A$2:$A$16203,MATCH($F$2+146-0.000001,Evenimente!$A$2:$A$16203,1)+1)<$F$2+146+1," "&INDEX(Evenimente!$B$2:$B$16203,MATCH($F$2+146-0.000001,Evenimente!$A$2:$A$16203,1)+1)&IF(INDEX(Evenimente!$A$2:$A$16203,MATCH($F$2+146-0.000001,Evenimente!$A$2:$A$16203,1)+2)<$F$2+146+1," "&INDEX(Evenimente!$B$2:$B$16203,MATCH($F$2+146-0.000001,Evenimente!$A$2:$A$16203,1)+2),""),"") -> 16 mai ●
A76: 8 | B76: 9 | C76: 10 | D76: 11 | E76: 12 | F76: 13 | G76: 14
A77: =DAY($F$2+147)&" "&CHOOSE(MONTH($F$2+147),"ian","feb","mar","apr","mai","iun","iul","aug","sep","oct","nov","dec")&IF(INDEX(Evenimente!$A$2:$A$16203,MATCH($F$2+147-0.000001,Evenimente!$A$2:$A$16203,1)+1)<$F$2+147+1," "&INDEX(Evenimente!$B$2:$B$16203,MATCH($F$2+147-0.000001,Evenimente!$A$2:$A$16203,1)+1)&IF(INDEX(Evenimente!$A$2:$A$16203,MATCH($F$2+147-0.000001,Evenimente!$A$2:$A$16203,1)+2)<$F$2+147+1," "&INDEX(Evenimente!$B$2:$B$16203,MATCH($F$2+147-0.000001,Evenimente!$A$2:$A$16203,1)+2),""),"") -> 17 mai | B77: =DAY($F$2+148)&" "&CHOOSE(MONTH($F$2+148),"ian","feb","mar","apr","mai","iun","iul","aug","sep","oct","nov","dec")&IF(INDEX(Evenimente!$A$2:$A$16203,MATCH($F$2+148-0.000001,Evenimente!$A$2:$A$16203,1)+1)<$F$2+148+1," "&INDEX(Evenimente!$B$2:$B$16203,MATCH($F$2+148-0.000001,Evenimente!$A$2:$A$16203,1)+1)&IF(INDEX(Evenimente!$A$2:$A$16203,MATCH($F$2+148-0.000001,Evenimente!$A$2:$A$16203,1)+2)<$F$2+148+1," "&INDEX(Evenimente!$B$2:$B$16203,MATCH($F$2+148-0.000001,Evenimente!$A$2:$A$16203,1)+2),""),"") -> 18 mai | C77: =DAY($F$2+149)&" "&CHOOSE(MONTH($F$2+149),"ian","feb","mar","apr","mai","iun","iul","aug","sep","oct","nov","dec")&IF(INDEX(Evenimente!$A$2:$A$16203,MATCH($F$2+149-0.000001,Evenimente!$A$2:$A$16203,1)+1)<$F$2+149+1," "&INDEX(Evenimente!$B$2:$B$16203,MATCH($F$2+149-0.000001,Evenimente!$A$2:$A$16203,1)+1)&IF(INDEX(Evenimente!$A$2:$A$16203,MATCH($F$2+149-0.000001,Evenimente!$A$2:$A$16203,1)+2)<$F$2+149+1," "&INDEX(Evenimente!$B$2:$B$16203,MATCH($F$2+149-0.000001,Evenimente!$A$2:$A$16203,1)+2),""),"") -> 19 mai | D77: =DAY($F$2+150)&" "&CHOOSE(MONTH($F$2+150),"ian","feb","mar","apr","mai","iun","iul","aug","sep","oct","nov","dec")&IF(INDEX(Evenimente!$A$2:$A$16203,MATCH($F$2+150-0.000001,Evenimente!$A$2:$A$16203,1)+1)<$F$2+150+1," "&INDEX(Evenimente!$B$2:$B$16203,MATCH($F$2+150-0.000001,Evenimente!$A$2:$A$16203,1)+1)&IF(INDEX(Evenimente!$A$2:$A$16203,MATCH($F$2+150-0.000001,Evenimente!$A$2:$A$16203,1)+2)<$F$2+150+1," "&INDEX(Evenimente!$B$2:$B$16203,MATCH($F$2+150-0.000001,Evenimente!$A$2:$A$16203,1)+2),""),"") -> 20 mai | E77: =DAY($F$2+151)&" "&CHOOSE(MONTH($F$2+151),"ian","feb","mar","apr","mai","iun","iul","aug","sep","oct","nov","dec")&IF(INDEX(Evenimente!$A$2:$A$16203,MATCH($F$2+151-0.000001,Evenimente!$A$2:$A$16203,1)+1)<$F$2+151+1," "&INDEX(Evenimente!$B$2:$B$16203,MATCH($F$2+151-0.000001,Evenimente!$A$2:$A$16203,1)+1)&IF(INDEX(Evenimente!$A$2:$A$16203,MATCH($F$2+151-0.000001,Evenimente!$A$2:$A$16203,1)+2)<$F$2+151+1," "&INDEX(Evenimente!$B$2:$B$16203,MATCH($F$2+151-0.000001,Evenimente!$A$2:$A$16203,1)+2),""),"") -> 21 mai | F77: =DAY($F$2+152)&" "&CHOOSE(MONTH($F$2+152),"ian","feb","mar","apr","mai","iun","iul","aug","sep","oct","nov","dec")&IF(INDEX(Evenimente!$A$2:$A$16203,MATCH($F$2+152-0.000001,Evenimente!$A$2:$A$16203,1)+1)<$F$2+152+1," "&INDEX(Evenimente!$B$2:$B$16203,MATCH($F$2+152-0.000001,Evenimente!$A$2:$A$16203,1)+1)&IF(INDEX(Evenimente!$A$2:$A$16203,MATCH($F$2+152-0.000001,Evenimente!$A$2:$A$16203,1)+2)<$F$2+152+1," "&INDEX(Evenimente!$B$2:$B$16203,MATCH($F$2+152-0.000001,Evenimente!$A$2:$A$16203,1)+2),""),"") -> 22 mai | G77: =DAY($F$2+153)&" "&CHOOSE(MONTH($F$2+153),"ian","feb","mar","apr","mai","iun","iul","aug","sep","oct","nov","dec")&IF(INDEX(Evenimente!$A$2:$A$16203,MATCH($F$2+153-0.000001,Evenimente!$A$2:$A$16203,1)+1)<$F$2+153+1," "&INDEX(Evenimente!$B$2:$B$16203,MATCH($F$2+153-0.000001,Evenimente!$A$2:$A$16203,1)+1)&IF(INDEX(Evenimente!$A$2:$A$16203,MATCH($F$2+153-0.000001,Evenimente!$A$2:$A$16203,1)+2)<$F$2+153+1," "&INDEX(Evenimente!$B$2:$B$16203,MATCH($F$2+153-0.000001,Evenimente!$A$2:$A$16203,1)+2),""),"") -> 23 mai ◐
A78: 15 | B78: 16 | C78: 17 | D78: 18 | E78: 19 | F78: 20 | G78: 21
A79: =DAY($F$2+154)&" "&CHOOSE(MONTH($F$2+154),"ian","feb","mar","apr","mai","iun","iul","aug","sep","oct","nov","dec")&IF(INDEX(Evenimente!$A$2:$A$16203,MATCH($F$2+154-0.000001,Evenimente!$A$2:$A$16203,1)+1)<$F$2+154+1," "&INDEX(Evenimente!$B$2:$B$16203,MATCH($F$2+154-0.000001,Evenimente!$A$2:$A$16203,1)+1)&IF(INDEX(Evenimente!$A$2:$A$16203,MATCH($F$2+154-0.000001,Evenimente!$A$2:$A$16203,1)+2)<$F$2+154+1," "&INDEX(Evenimente!$B$2:$B$16203,MATCH($F$2+154-0.000001,Evenimente!$A$2:$A$16203,1)+2),""),"") -> 24 mai | B79: =DAY($F$2+155)&" "&CHOOSE(MONTH($F$2+155),"ian","feb","mar","apr","mai","iun","iul","aug","sep","oct","nov","dec")&IF(INDEX(Evenimente!$A$2:$A$16203,MATCH($F$2+155-0.000001,Evenimente!$A$2:$A$16203,1)+1)<$F$2+155+1," "&INDEX(Evenimente!$B$2:$B$16203,MATCH($F$2+155-0.000001,Evenimente!$A$2:$A$16203,1)+1)&IF(INDEX(Evenimente!$A$2:$A$16203,MATCH($F$2+155-0.000001,Evenimente!$A$2:$A$16203,1)+2)<$F$2+155+1," "&INDEX(Evenimente!$B$2:$B$16203,MATCH($F$2+155-0.000001,Evenimente!$A$2:$A$16203,1)+2),""),"") -> 25 mai | C79: =DAY($F$2+156)&" "&CHOOSE(MONTH($F$2+156),"ian","feb","mar","apr","mai","iun","iul","aug","sep","oct","nov","dec")&IF(INDEX(Evenimente!$A$2:$A$16203,MATCH($F$2+156-0.000001,Evenimente!$A$2:$A$16203,1)+1)<$F$2+156+1," "&INDEX(Evenimente!$B$2:$B$16203,MATCH($F$2+156-0.000001,Evenimente!$A$2:$A$16203,1)+1)&IF(INDEX(Evenimente!$A$2:$A$16203,MATCH($F$2+156-0.000001,Evenimente!$A$2:$A$16203,1)+2)<$F$2+156+1," "&INDEX(Evenimente!$B$2:$B$16203,MATCH($F$2+156-0.000001,Evenimente!$A$2:$A$16203,1)+2),""),"") -> 26 mai | D79: =DAY($F$2+157)&" "&CHOOSE(MONTH($F$2+157),"ian","feb","mar","apr","mai","iun","iul","aug","sep","oct","nov","dec")&IF(INDEX(Evenimente!$A$2:$A$16203,MATCH($F$2+157-0.000001,Evenimente!$A$2:$A$16203,1)+1)<$F$2+157+1," "&INDEX(Evenimente!$B$2:$B$16203,MATCH($F$2+157-0.000001,Evenimente!$A$2:$A$16203,1)+1)&IF(INDEX(Evenimente!$A$2:$A$16203,MATCH($F$2+157-0.000001,Evenimente!$A$2:$A$16203,1)+2)<$F$2+157+1," "&INDEX(Evenimente!$B$2:$B$16203,MATCH($F$2+157-0.000001,Evenimente!$A$2:$A$16203,1)+2),""),"") -> 27 mai | E79: =DAY($F$2+158)&" "&CHOOSE(MONTH($F$2+158),"ian","feb","mar","apr","mai","iun","iul","aug","sep","oct","nov","dec")&IF(INDEX(Evenimente!$A$2:$A$16203,MATCH($F$2+158-0.000001,Evenimente!$A$2:$A$16203,1)+1)<$F$2+158+1," "&INDEX(Evenimente!$B$2:$B$16203,MATCH($F$2+158-0.000001,Evenimente!$A$2:$A$16203,1)+1)&IF(INDEX(Evenimente!$A$2:$A$16203,MATCH($F$2+158-0.000001,Evenimente!$A$2:$A$16203,1)+2)<$F$2+158+1," "&INDEX(Evenimente!$B$2:$B$16203,MATCH($F$2+158-0.000001,Evenimente!$A$2:$A$16203,1)+2),""),"") -> 28 mai | F79: =DAY($F$2+159)&" "&CHOOSE(MONTH($F$2+159),"ian","feb","mar","apr","mai","iun","iul","aug","sep","oct","nov","dec")&IF(INDEX(Evenimente!$A$2:$A$16203,MATCH($F$2+159-0.000001,Evenimente!$A$2:$A$16203,1)+1)<$F$2+159+1," "&INDEX(Evenimente!$B$2:$B$16203,MATCH($F$2+159-0.000001,Evenimente!$A$2:$A$16203,1)+1)&IF(INDEX(Evenimente!$A$2:$A$16203,MATCH($F$2+159-0.000001,Evenimente!$A$2:$A$16203,1)+2)<$F$2+159+1," "&INDEX(Evenimente!$B$2:$B$16203,MATCH($F$2+159-0.000001,Evenimente!$A$2:$A$16203,1)+2),""),"") -> 29 mai | G79: =DAY($F$2+160)&" "&CHOOSE(MONTH($F$2+160),"ian","feb","mar","apr","mai","iun","iul","aug","sep","oct","nov","dec")&IF(INDEX(Evenimente!$A$2:$A$16203,MATCH($F$2+160-0.000001,Evenimente!$A$2:$A$16203,1)+1)<$F$2+160+1," "&INDEX(Evenimente!$B$2:$B$16203,MATCH($F$2+160-0.000001,Evenimente!$A$2:$A$16203,1)+1)&IF(INDEX(Evenimente!$A$2:$A$16203,MATCH($F$2+160-0.000001,Evenimente!$A$2:$A$16203,1)+2)<$F$2+160+1," "&INDEX(Evenimente!$B$2:$B$16203,MATCH($F$2+160-0.000001,Evenimente!$A$2:$A$16203,1)+2),""),"") -> 30 mai
A80: 22 | B80: 23 | C80: 24 | D80: 25 | E80: 26 | F80: 27 | G80: 28
A81: =DAY($F$2+161)&" "&CHOOSE(MONTH($F$2+161),"ian","feb","mar","apr","mai","iun","iul","aug","sep","oct","nov","dec")&IF(INDEX(Evenimente!$A$2:$A$16203,MATCH($F$2+161-0.000001,Evenimente!$A$2:$A$16203,1)+1)<$F$2+161+1," "&INDEX(Evenimente!$B$2:$B$16203,MATCH($F$2+161-0.000001,Evenimente!$A$2:$A$16203,1)+1)&IF(INDEX(Evenimente!$A$2:$A$16203,MATCH($F$2+161-0.000001,Evenimente!$A$2:$A$16203,1)+2)<$F$2+161+1," "&INDEX(Evenimente!$B$2:$B$16203,MATCH($F$2+161-0.000001,Evenimente!$A$2:$A$16203,1)+2),""),"") -> 31 mai ○ | B81: =DAY($F$2+162)&" "&CHOOSE(MONTH($F$2+162),"ian","feb","mar","apr","mai","iun","iul","aug","sep","oct","nov","dec")&IF(INDEX(Evenimente!$A$2:$A$16203,MATCH($F$2+162-0.000001,Evenimente!$A$2:$A$16203,1)+1)<$F$2+162+1," "&INDEX(Evenimente!$B$2:$B$16203,MATCH($F$2+162-0.000001,Evenimente!$A$2:$A$16203,1)+1)&IF(INDEX(Evenimente!$A$2:$A$16203,MATCH($F$2+162-0.000001,Evenimente!$A$2:$A$16203,1)+2)<$F$2+162+1," "&INDEX(Evenimente!$B$2:$B$16203,MATCH($F$2+162-0.000001,Evenimente!$A$2:$A$16203,1)+2),""),"") -> 1 iun | C81: =DAY($F$2+163)&" "&CHOOSE(MONTH($F$2+163),"ian","feb","mar","apr","mai","iun","iul","aug","sep","oct","nov","dec")&IF(INDEX(Evenimente!$A$2:$A$16203,MATCH($F$2+163-0.000001,Evenimente!$A$2:$A$16203,1)+1)<$F$2+163+1," "&INDEX(Evenimente!$B$2:$B$16203,MATCH($F$2+163-0.000001,Evenimente!$A$2:$A$16203,1)+1)&IF(INDEX(Evenimente!$A$2:$A$16203,MATCH($F$2+163-0.000001,Evenimente!$A$2:$A$16203,1)+2)<$F$2+163+1," "&INDEX(Evenimente!$B$2:$B$16203,MATCH($F$2+163-0.000001,Evenimente!$A$2:$A$16203,1)+2),""),"") -> 2 iun | D81: =DAY($F$2+164)&" "&CHOOSE(MONTH($F$2+164),"ian","feb","mar","apr","mai","iun","iul","aug","sep","oct","nov","dec")&IF(INDEX(Evenimente!$A$2:$A$16203,MATCH($F$2+164-0.000001,Evenimente!$A$2:$A$16203,1)+1)<$F$2+164+1," "&INDEX(Evenimente!$B$2:$B$16203,MATCH($F$2+164-0.000001,Evenimente!$A$2:$A$16203,1)+1)&IF(INDEX(Evenimente!$A$2:$A$16203,MATCH($F$2+164-0.000001,Evenimente!$A$2:$A$16203,1)+2)<$F$2+164+1," "&INDEX(Evenimente!$B$2:$B$16203,MATCH($F$2+164-0.000001,Evenimente!$A$2:$A$16203,1)+2),""),"") -> 3 iun | E81: =DAY($F$2+165)&" "&CHOOSE(MONTH($F$2+165),"ian","feb","mar","apr","mai","iun","iul","aug","sep","oct","nov","dec")&IF(INDEX(Evenimente!$A$2:$A$16203,MATCH($F$2+165-0.000001,Evenimente!$A$2:$A$16203,1)+1)<$F$2+165+1," "&INDEX(Evenimente!$B$2:$B$16203,MATCH($F$2+165-0.000001,Evenimente!$A$2:$A$16203,1)+1)&IF(INDEX(Evenimente!$A$2:$A$16203,MATCH($F$2+165-0.000001,Evenimente!$A$2:$A$16203,1)+2)<$F$2+165+1," "&INDEX(Evenimente!$B$2:$B$16203,MATCH($F$2+165-0.000001,Evenimente!$A$2:$A$16203,1)+2),""),"") -> 4 iun | F81: =DAY($F$2+166)&" "&CHOOSE(MONTH($F$2+166),"ian","feb","mar","apr","mai","iun","iul","aug","sep","oct","nov","dec")&IF(INDEX(Evenimente!$A$2:$A$16203,MATCH($F$2+166-0.000001,Evenimente!$A$2:$A$16203,1)+1)<$F$2+166+1," "&INDEX(Evenimente!$B$2:$B$16203,MATCH($F$2+166-0.000001,Evenimente!$A$2:$A$16203,1)+1)&IF(INDEX(Evenimente!$A$2:$A$16203,MATCH($F$2+166-0.000001,Evenimente!$A$2:$A$16203,1)+2)<$F$2+166+1," "&INDEX(Evenimente!$B$2:$B$16203,MATCH($F$2+166-0.000001,Evenimente!$A$2:$A$16203,1)+2),""),"") -> 5 iun | G81: =DAY($F$2+167)&" "&CHOOSE(MONTH($F$2+167),"ian","feb","mar","apr","mai","iun","iul","aug","sep","oct","nov","dec")&IF(INDEX(Evenimente!$A$2:$A$16203,MATCH($F$2+167-0.000001,Evenimente!$A$2:$A$16203,1)+1)<$F$2+167+1," "&INDEX(Evenimente!$B$2:$B$16203,MATCH($F$2+167-0.000001,Evenimente!$A$2:$A$16203,1)+1)&IF(INDEX(Evenimente!$A$2:$A$16203,MATCH($F$2+167-0.000001,Evenimente!$A$2:$A$16203,1)+2)<$F$2+167+1," "&INDEX(Evenimente!$B$2:$B$16203,MATCH($F$2+167-0.000001,Evenimente!$A$2:$A$16203,1)+2),""),"") -> 6 iun
A82: ● lună nouă ◐ primul pătrar ○ lună plină ◑ ultimul pătrar ☀ solstițiu / echinocțiu ⊗ eclipsă posibilă (fenomenele sunt în UTC)
A83: ="Luna 7 · "&'Nume sanscrită'!F11&" · "&'Nume sanscrită'!E11&" मास" -> Luna 7 · Saptama māsa · सप्तम मास
A84: ='Nume EN-FR'!B11&" · "&'Nume EN-FR'!C11 -> Seventh month · Septième mois
A85: ="ER "&$B$3&" ("&$D$3&") · AE "&TEXT($C$3,"0000")&" | gregorian: "&TEXT(DAY($F$2+168),"00")&"."&TEXT(MONTH($F$2+168),"00")&"."&YEAR($F$2+168)&" – "&TEXT(DAY($F$2+195),"00")&"."&TEXT(MONTH($F$2+195),"00")&"."&YEAR($F$2+195) -> ER 12 (Mīna · Pisces · Poissons) · AE 1734 | gregorian: 07.06.2026 – 04.07.2026
A86: ='Nume sanscrită'!B21&CHAR(10)&IF($G$3="Numerice",'Nume sanscrită'!G21,'Nume sanscrită'!C21)&CHAR(10)&IF($G$3="Numerice",'Nume EN-FR'!E21&" / "&'Nume EN-FR'!F21,'Nume EN-FR'!C21&" / "&'Nume EN-FR'!D21) -> Luni Somavāra Monday / lundi | B86: ='Nume sanscrită'!B22&CHAR(10)&IF($G$3="Numerice",'Nume sanscrită'!G22,'Nume sanscrită'!C22)&CHAR(10)&IF($G$3="Numerice",'Nume EN-FR'!E22&" / "&'Nume EN-FR'!F22,'Nume EN-FR'!C22&" / "&'Nume EN-FR'!D22) -> Marți Maṅgalavāra Tuesday / mardi | C86: ='Nume sanscrită'!B23&CHAR(10)&IF($G$3="Numerice",'Nume sanscrită'!G23,'Nume sanscrită'!C23)&CHAR(10)&IF($G$3="Numerice",'Nume EN-FR'!E23&" / "&'Nume EN-FR'!F23,'Nume EN-FR'!C23&" / "&'Nume EN-FR'!D23) -> Miercuri Budhavāra Wednesday / mercredi | D86: ='Nume sanscrită'!B24&CHAR(10)&IF($G$3="Numerice",'Nume sanscrită'!G24,'Nume sanscrită'!C24)&CHAR(10)&IF($G$3="Numerice",'Nume EN-FR'!E24&" / "&'Nume EN-FR'!F24,'Nume EN-FR'!C24&" / "&'Nume EN-FR'!D24) -> Joi Guruvāra Thursday / jeudi | E86: ='Nume sanscrită'!B25&CHAR(10)&IF($G$3="Numerice",'Nume sanscrită'!G25,'Nume sanscrită'!C25)&CHAR(10)&IF($G$3="Numerice",'Nume EN-FR'!E25&" / "&'Nume EN-FR'!F25,'Nume EN-FR'!C25&" / "&'Nume EN-FR'!D25) -> Vineri Śukravāra Friday / vendredi | F86: ='Nume sanscrită'!B26&CHAR(10)&IF($G$3="Numerice",'Nume sanscrită'!G26,'Nume sanscrită'!C26)&CHAR(10)&IF($G$3="Numerice",'Nume EN-FR'!E26&" / "&'Nume EN-FR'!F26,'Nume EN-FR'!C26&" / "&'Nume EN-FR'!D26) -> Sâmbătă Śanivāra Saturday / samedi | G86: ='Nume sanscrită'!B27&CHAR(10)&IF($G$3="Numerice",'Nume sanscrită'!G27,'Nume sanscrită'!C27)&CHAR(10)&IF($G$3="Numerice",'Nume EN-FR'!E27&" / "&'Nume EN-FR'!F27,'Nume EN-FR'!C27&" / "&'Nume EN-FR'!D27) -> Duminică Ravivāra Sunday / dimanche
A87: 1 | B87: 2 | C87: 3 | D87: 4 | E87: 5 | F87: 6 | G87: 7
A88: =DAY($F$2+168)&" "&CHOOSE(MONTH($F$2+168),"ian","feb","mar","apr","mai","iun","iul","aug","sep","oct","nov","dec")&IF(INDEX(Evenimente!$A$2:$A$16203,MATCH($F$2+168-0.000001,Evenimente!$A$2:$A$16203,1)+1)<$F$2+168+1," "&INDEX(Evenimente!$B$2:$B$16203,MATCH($F$2+168-0.000001,Evenimente!$A$2:$A$16203,1)+1)&IF(INDEX(Evenimente!$A$2:$A$16203,MATCH($F$2+168-0.000001,Evenimente!$A$2:$A$16203,1)+2)<$F$2+168+1," "&INDEX(Evenimente!$B$2:$B$16203,MATCH($F$2+168-0.000001,Evenimente!$A$2:$A$16203,1)+2),""),"") -> 7 iun | B88: =DAY($F$2+169)&" "&CHOOSE(MONTH($F$2+169),"ian","feb","mar","apr","mai","iun","iul","aug","sep","oct","nov","dec")&IF(INDEX(Evenimente!$A$2:$A$16203,MATCH($F$2+169-0.000001,Evenimente!$A$2:$A$16203,1)+1)<$F$2+169+1," "&INDEX(Evenimente!$B$2:$B$16203,MATCH($F$2+169-0.000001,Evenimente!$A$2:$A$16203,1)+1)&IF(INDEX(Evenimente!$A$2:$A$16203,MATCH($F$2+169-0.000001,Evenimente!$A$2:$A$16203,1)+2)<$F$2+169+1," "&INDEX(Evenimente!$B$2:$B$16203,MATCH($F$2+169-0.000001,Evenimente!$A$2:$A$16203,1)+2),""),"") -> 8 iun ◑ | C88: =DAY($F$2+170)&" "&CHOOSE(MONTH($F$2+170),"ian","feb","mar","apr","mai","iun","iul","aug","sep","oct","nov","dec")&IF(INDEX(Evenimente!$A$2:$A$16203,MATCH($F$2+170-0.000001,Evenimente!$A$2:$A$16203,1)+1)<$F$2+170+1," "&INDEX(Evenimente!$B$2:$B$16203,MATCH($F$2+170-0.000001,Evenimente!$A$2:$A$16203,1)+1)&IF(INDEX(Evenimente!$A$2:$A$16203,MATCH($F$2+170-0.000001,Evenimente!$A$2:$A$16203,1)+2)<$F$2+170+1," "&INDEX(Evenimente!$B$2:$B$16203,MATCH($F$2+170-0.000001,Evenimente!$A$2:$A$16203,1)+2),""),"") -> 9 iun | D88: =DAY($F$2+171)&" "&CHOOSE(MONTH($F$2+171),"ian","feb","mar","apr","mai","iun","iul","aug","sep","oct","nov","dec")&IF(INDEX(Evenimente!$A$2:$A$16203,MATCH($F$2+171-0.000001,Evenimente!$A$2:$A$16203,1)+1)<$F$2+171+1," "&INDEX(Evenimente!$B$2:$B$16203,MATCH($F$2+171-0.000001,Evenimente!$A$2:$A$16203,1)+1)&IF(INDEX(Evenimente!$A$2:$A$16203,MATCH($F$2+171-0.000001,Evenimente!$A$2:$A$16203,1)+2)<$F$2+171+1," "&INDEX(Evenimente!$B$2:$B$16203,MATCH($F$2+171-0.000001,Evenimente!$A$2:$A$16203,1)+2),""),"") -> 10 iun | E88: =DAY($F$2+172)&" "&CHOOSE(MONTH($F$2+172),"ian","feb","mar","apr","mai","iun","iul","aug","sep","oct","nov","dec")&IF(INDEX(Evenimente!$A$2:$A$16203,MATCH($F$2+172-0.000001,Evenimente!$A$2:$A$16203,1)+1)<$F$2+172+1," "&INDEX(Evenimente!$B$2:$B$16203,MATCH($F$2+172-0.000001,Evenimente!$A$2:$A$16203,1)+1)&IF(INDEX(Evenimente!$A$2:$A$16203,MATCH($F$2+172-0.000001,Evenimente!$A$2:$A$16203,1)+2)<$F$2+172+1," "&INDEX(Evenimente!$B$2:$B$16203,MATCH($F$2+172-0.000001,Evenimente!$A$2:$A$16203,1)+2),""),"") -> 11 iun | F88: =DAY($F$2+173)&" "&CHOOSE(MONTH($F$2+173),"ian","feb","mar","apr","mai","iun","iul","aug","sep","oct","nov","dec")&IF(INDEX(Evenimente!$A$2:$A$16203,MATCH($F$2+173-0.000001,Evenimente!$A$2:$A$16203,1)+1)<$F$2+173+1," "&INDEX(Evenimente!$B$2:$B$16203,MATCH($F$2+173-0.000001,Evenimente!$A$2:$A$16203,1)+1)&IF(INDEX(Evenimente!$A$2:$A$16203,MATCH($F$2+173-0.000001,Evenimente!$A$2:$A$16203,1)+2)<$F$2+173+1," "&INDEX(Evenimente!$B$2:$B$16203,MATCH($F$2+173-0.000001,Evenimente!$A$2:$A$16203,1)+2),""),"") -> 12 iun | G88: =DAY($F$2+174)&" "&CHOOSE(MONTH($F$2+174),"ian","feb","mar","apr","mai","iun","iul","aug","sep","oct","nov","dec")&IF(INDEX(Evenimente!$A$2:$A$16203,MATCH($F$2+174-0.000001,Evenimente!$A$2:$A$16203,1)+1)<$F$2+174+1," "&INDEX(Evenimente!$B$2:$B$16203,MATCH($F$2+174-0.000001,Evenimente!$A$2:$A$16203,1)+1)&IF(INDEX(Evenimente!$A$2:$A$16203,MATCH($F$2+174-0.000001,Evenimente!$A$2:$A$16203,1)+2)<$F$2+174+1," "&INDEX(Evenimente!$B$2:$B$16203,MATCH($F$2+174-0.000001,Evenimente!$A$2:$A$16203,1)+2),""),"") -> 13 iun
A89: 8 | B89: 9 | C89: 10 | D89: 11 | E89: 12 | F89: 13 | G89: 14
A90: =DAY($F$2+175)&" "&CHOOSE(MONTH($F$2+175),"ian","feb","mar","apr","mai","iun","iul","aug","sep","oct","nov","dec")&IF(INDEX(Evenimente!$A$2:$A$16203,MATCH($F$2+175-0.000001,Evenimente!$A$2:$A$16203,1)+1)<$F$2+175+1," "&INDEX(Evenimente!$B$2:$B$16203,MATCH($F$2+175-0.000001,Evenimente!$A$2:$A$16203,1)+1)&IF(INDEX(Evenimente!$A$2:$A$16203,MATCH($F$2+175-0.000001,Evenimente!$A$2:$A$16203,1)+2)<$F$2+175+1," "&INDEX(Evenimente!$B$2:$B$16203,MATCH($F$2+175-0.000001,Evenimente!$A$2:$A$16203,1)+2),""),"") -> 14 iun | B90: =DAY($F$2+176)&" "&CHOOSE(MONTH($F$2+176),"ian","feb","mar","apr","mai","iun","iul","aug","sep","oct","nov","dec")&IF(INDEX(Evenimente!$A$2:$A$16203,MATCH($F$2+176-0.000001,Evenimente!$A$2:$A$16203,1)+1)<$F$2+176+1," "&INDEX(Evenimente!$B$2:$B$16203,MATCH($F$2+176-0.000001,Evenimente!$A$2:$A$16203,1)+1)&IF(INDEX(Evenimente!$A$2:$A$16203,MATCH($F$2+176-0.000001,Evenimente!$A$2:$A$16203,1)+2)<$F$2+176+1," "&INDEX(Evenimente!$B$2:$B$16203,MATCH($F$2+176-0.000001,Evenimente!$A$2:$A$16203,1)+2),""),"") -> 15 iun ● | C90: =DAY($F$2+177)&" "&CHOOSE(MONTH($F$2+177),"ian","feb","mar","apr","mai","iun","iul","aug","sep","oct","nov","dec")&IF(INDEX(Evenimente!$A$2:$A$16203,MATCH($F$2+177-0.000001,Evenimente!$A$2:$A$16203,1)+1)<$F$2+177+1," "&INDEX(Evenimente!$B$2:$B$16203,MATCH($F$2+177-0.000001,Evenimente!$A$2:$A$16203,1)+1)&IF(INDEX(Evenimente!$A$2:$A$16203,MATCH($F$2+177-0.000001,Evenimente!$A$2:$A$16203,1)+2)<$F$2+177+1," "&INDEX(Evenimente!$B$2:$B$16203,MATCH($F$2+177-0.000001,Evenimente!$A$2:$A$16203,1)+2),""),"") -> 16 iun | D90: =DAY($F$2+178)&" "&CHOOSE(MONTH($F$2+178),"ian","feb","mar","apr","mai","iun","iul","aug","sep","oct","nov","dec")&IF(INDEX(Evenimente!$A$2:$A$16203,MATCH($F$2+178-0.000001,Evenimente!$A$2:$A$16203,1)+1)<$F$2+178+1," "&INDEX(Evenimente!$B$2:$B$16203,MATCH($F$2+178-0.000001,Evenimente!$A$2:$A$16203,1)+1)&IF(INDEX(Evenimente!$A$2:$A$16203,MATCH($F$2+178-0.000001,Evenimente!$A$2:$A$16203,1)+2)<$F$2+178+1," "&INDEX(Evenimente!$B$2:$B$16203,MATCH($F$2+178-0.000001,Evenimente!$A$2:$A$16203,1)+2),""),"") -> 17 iun | E90: =DAY($F$2+179)&" "&CHOOSE(MONTH($F$2+179),"ian","feb","mar","apr","mai","iun","iul","aug","sep","oct","nov","dec")&IF(INDEX(Evenimente!$A$2:$A$16203,MATCH($F$2+179-0.000001,Evenimente!$A$2:$A$16203,1)+1)<$F$2+179+1," "&INDEX(Evenimente!$B$2:$B$16203,MATCH($F$2+179-0.000001,Evenimente!$A$2:$A$16203,1)+1)&IF(INDEX(Evenimente!$A$2:$A$16203,MATCH($F$2+179-0.000001,Evenimente!$A$2:$A$16203,1)+2)<$F$2+179+1," "&INDEX(Evenimente!$B$2:$B$16203,MATCH($F$2+179-0.000001,Evenimente!$A$2:$A$16203,1)+2),""),"") -> 18 iun | F90: =DAY($F$2+180)&" "&CHOOSE(MONTH($F$2+180),"ian","feb","mar","apr","mai","iun","iul","aug","sep","oct","nov","dec")&IF(INDEX(Evenimente!$A$2:$A$16203,MATCH($F$2+180-0.000001,Evenimente!$A$2:$A$16203,1)+1)<$F$2+180+1," "&INDEX(Evenimente!$B$2:$B$16203,MATCH($F$2+180-0.000001,Evenimente!$A$2:$A$16203,1)+1)&IF(INDEX(Evenimente!$A$2:$A$16203,MATCH($F$2+180-0.000001,Evenimente!$A$2:$A$16203,1)+2)<$F$2+180+1," "&INDEX(Evenimente!$B$2:$B$16203,MATCH($F$2+180-0.000001,Evenimente!$A$2:$A$16203,1)+2),""),"") -> 19 iun | G90: =DAY($F$2+181)&" "&CHOOSE(MONTH($F$2+181),"ian","feb","mar","apr","mai","iun","iul","aug","sep","oct","nov","dec")&IF(INDEX(Evenimente!$A$2:$A$16203,MATCH($F$2+181-0.000001,Evenimente!$A$2:$A$16203,1)+1)<$F$2+181+1," "&INDEX(Evenimente!$B$2:$B$16203,MATCH($F$2+181-0.000001,Evenimente!$A$2:$A$16203,1)+1)&IF(INDEX(Evenimente!$A$2:$A$16203,MATCH($F$2+181-0.000001,Evenimente!$A$2:$A$16203,1)+2)<$F$2+181+1," "&INDEX(Evenimente!$B$2:$B$16203,MATCH($F$2+181-0.000001,Evenimente!$A$2:$A$16203,1)+2),""),"") -> 20 iun
A91: 15 | B91: 16 | C91: 17 | D91: 18 | E91: 19 | F91: 20 | G91: 21
A92: =DAY($F$2+182)&" "&CHOOSE(MONTH($F$2+182),"ian","feb","mar","apr","mai","iun","iul","aug","sep","oct","nov","dec")&IF(INDEX(Evenimente!$A$2:$A$16203,MATCH($F$2+182-0.000001,Evenimente!$A$2:$A$16203,1)+1)<$F$2+182+1," "&INDEX(Evenimente!$B$2:$B$16203,MATCH($F$2+182-0.000001,Evenimente!$A$2:$A$16203,1)+1)&IF(INDEX(Evenimente!$A$2:$A$16203,MATCH($F$2+182-0.000001,Evenimente!$A$2:$A$16203,1)+2)<$F$2+182+1," "&INDEX(Evenimente!$B$2:$B$16203,MATCH($F$2+182-0.000001,Evenimente!$A$2:$A$16203,1)+2),""),"") -> 21 iun ☀ ◐ | B92: =DAY($F$2+183)&" "&CHOOSE(MONTH($F$2+183),"ian","feb","mar","apr","mai","iun","iul","aug","sep","oct","nov","dec")&IF(INDEX(Evenimente!$A$2:$A$16203,MATCH($F$2+183-0.000001,Evenimente!$A$2:$A$16203,1)+1)<$F$2+183+1," "&INDEX(Evenimente!$B$2:$B$16203,MATCH($F$2+183-0.000001,Evenimente!$A$2:$A$16203,1)+1)&IF(INDEX(Evenimente!$A$2:$A$16203,MATCH($F$2+183-0.000001,Evenimente!$A$2:$A$16203,1)+2)<$F$2+183+1," "&INDEX(Evenimente!$B$2:$B$16203,MATCH($F$2+183-0.000001,Evenimente!$A$2:$A$16203,1)+2),""),"") -> 22 iun | C92: =DAY($F$2+184)&" "&CHOOSE(MONTH($F$2+184),"ian","feb","mar","apr","mai","iun","iul","aug","sep","oct","nov","dec")&IF(INDEX(Evenimente!$A$2:$A$16203,MATCH($F$2+184-0.000001,Evenimente!$A$2:$A$16203,1)+1)<$F$2+184+1," "&INDEX(Evenimente!$B$2:$B$16203,MATCH($F$2+184-0.000001,Evenimente!$A$2:$A$16203,1)+1)&IF(INDEX(Evenimente!$A$2:$A$16203,MATCH($F$2+184-0.000001,Evenimente!$A$2:$A$16203,1)+2)<$F$2+184+1," "&INDEX(Evenimente!$B$2:$B$16203,MATCH($F$2+184-0.000001,Evenimente!$A$2:$A$16203,1)+2),""),"") -> 23 iun | D92: =DAY($F$2+185)&" "&CHOOSE(MONTH($F$2+185),"ian","feb","mar","apr","mai","iun","iul","aug","sep","oct","nov","dec")&IF(INDEX(Evenimente!$A$2:$A$16203,MATCH($F$2+185-0.000001,Evenimente!$A$2:$A$16203,1)+1)<$F$2+185+1," "&INDEX(Evenimente!$B$2:$B$16203,MATCH($F$2+185-0.000001,Evenimente!$A$2:$A$16203,1)+1)&IF(INDEX(Evenimente!$A$2:$A$16203,MATCH($F$2+185-0.000001,Evenimente!$A$2:$A$16203,1)+2)<$F$2+185+1," "&INDEX(Evenimente!$B$2:$B$16203,MATCH($F$2+185-0.000001,Evenimente!$A$2:$A$16203,1)+2),""),"") -> 24 iun | E92: =DAY($F$2+186)&" "&CHOOSE(MONTH($F$2+186),"ian","feb","mar","apr","mai","iun","iul","aug","sep","oct","nov","dec")&IF(INDEX(Evenimente!$A$2:$A$16203,MATCH($F$2+186-0.000001,Evenimente!$A$2:$A$16203,1)+1)<$F$2+186+1," "&INDEX(Evenimente!$B$2:$B$16203,MATCH($F$2+186-0.000001,Evenimente!$A$2:$A$16203,1)+1)&IF(INDEX(Evenimente!$A$2:$A$16203,MATCH($F$2+186-0.000001,Evenimente!$A$2:$A$16203,1)+2)<$F$2+186+1," "&INDEX(Evenimente!$B$2:$B$16203,MATCH($F$2+186-0.000001,Evenimente!$A$2:$A$16203,1)+2),""),"") -> 25 iun | F92: =DAY($F$2+187)&" "&CHOOSE(MONTH($F$2+187),"ian","feb","mar","apr","mai","iun","iul","aug","sep","oct","nov","dec")&IF(INDEX(Evenimente!$A$2:$A$16203,MATCH($F$2+187-0.000001,Evenimente!$A$2:$A$16203,1)+1)<$F$2+187+1," "&INDEX(Evenimente!$B$2:$B$16203,MATCH($F$2+187-0.000001,Evenimente!$A$2:$A$16203,1)+1)&IF(INDEX(Evenimente!$A$2:$A$16203,MATCH($F$2+187-0.000001,Evenimente!$A$2:$A$16203,1)+2)<$F$2+187+1," "&INDEX(Evenimente!$B$2:$B$16203,MATCH($F$2+187-0.000001,Evenimente!$A$2:$A$16203,1)+2),""),"") -> 26 iun | G92: =DAY($F$2+188)&" "&CHOOSE(MONTH($F$2+188),"ian","feb","mar","apr","mai","iun","iul","aug","sep","oct","nov","dec")&IF(INDEX(Evenimente!$A$2:$A$16203,MATCH($F$2+188-0.000001,Evenimente!$A$2:$A$16203,1)+1)<$F$2+188+1," "&INDEX(Evenimente!$B$2:$B$16203,MATCH($F$2+188-0.000001,Evenimente!$A$2:$A$16203,1)+1)&IF(INDEX(Evenimente!$A$2:$A$16203,MATCH($F$2+188-0.000001,Evenimente!$A$2:$A$16203,1)+2)<$F$2+188+1," "&INDEX(Evenimente!$B$2:$B$16203,MATCH($F$2+188-0.000001,Evenimente!$A$2:$A$16203,1)+2),""),"") -> 27 iun
A93: 22 | B93: 23 | C93: 24 | D93: 25 | E93: 26 | F93: 27 | G93: 28
A94: =DAY($F$2+189)&" "&CHOOSE(MONTH($F$2+189),"ian","feb","mar","apr","mai","iun","iul","aug","sep","oct","nov","dec")&IF(INDEX(Evenimente!$A$2:$A$16203,MATCH($F$2+189-0.000001,Evenimente!$A$2:$A$16203,1)+1)<$F$2+189+1," "&INDEX(Evenimente!$B$2:$B$16203,MATCH($F$2+189-0.000001,Evenimente!$A$2:$A$16203,1)+1)&IF(INDEX(Evenimente!$A$2:$A$16203,MATCH($F$2+189-0.000001,Evenimente!$A$2:$A$16203,1)+2)<$F$2+189+1," "&INDEX(Evenimente!$B$2:$B$16203,MATCH($F$2+189-0.000001,Evenimente!$A$2:$A$16203,1)+2),""),"") -> 28 iun | B94: =DAY($F$2+190)&" "&CHOOSE(MONTH($F$2+190),"ian","feb","mar","apr","mai","iun","iul","aug","sep","oct","nov","dec")&IF(INDEX(Evenimente!$A$2:$A$16203,MATCH($F$2+190-0.000001,Evenimente!$A$2:$A$16203,1)+1)<$F$2+190+1," "&INDEX(Evenimente!$B$2:$B$16203,MATCH($F$2+190-0.000001,Evenimente!$A$2:$A$16203,1)+1)&IF(INDEX(Evenimente!$A$2:$A$16203,MATCH($F$2+190-0.000001,Evenimente!$A$2:$A$16203,1)+2)<$F$2+190+1," "&INDEX(Evenimente!$B$2:$B$16203,MATCH($F$2+190-0.000001,Evenimente!$A$2:$A$16203,1)+2),""),"") -> 29 iun ○ | C94: =DAY($F$2+191)&" "&CHOOSE(MONTH($F$2+191),"ian","feb","mar","apr","mai","iun","iul","aug","sep","oct","nov","dec")&IF(INDEX(Evenimente!$A$2:$A$16203,MATCH($F$2+191-0.000001,Evenimente!$A$2:$A$16203,1)+1)<$F$2+191+1," "&INDEX(Evenimente!$B$2:$B$16203,MATCH($F$2+191-0.000001,Evenimente!$A$2:$A$16203,1)+1)&IF(INDEX(Evenimente!$A$2:$A$16203,MATCH($F$2+191-0.000001,Evenimente!$A$2:$A$16203,1)+2)<$F$2+191+1," "&INDEX(Evenimente!$B$2:$B$16203,MATCH($F$2+191-0.000001,Evenimente!$A$2:$A$16203,1)+2),""),"") -> 30 iun | D94: =DAY($F$2+192)&" "&CHOOSE(MONTH($F$2+192),"ian","feb","mar","apr","mai","iun","iul","aug","sep","oct","nov","dec")&IF(INDEX(Evenimente!$A$2:$A$16203,MATCH($F$2+192-0.000001,Evenimente!$A$2:$A$16203,1)+1)<$F$2+192+1," "&INDEX(Evenimente!$B$2:$B$16203,MATCH($F$2+192-0.000001,Evenimente!$A$2:$A$16203,1)+1)&IF(INDEX(Evenimente!$A$2:$A$16203,MATCH($F$2+192-0.000001,Evenimente!$A$2:$A$16203,1)+2)<$F$2+192+1," "&INDEX(Evenimente!$B$2:$B$16203,MATCH($F$2+192-0.000001,Evenimente!$A$2:$A$16203,1)+2),""),"") -> 1 iul | E94: =DAY($F$2+193)&" "&CHOOSE(MONTH($F$2+193),"ian","feb","mar","apr","mai","iun","iul","aug","sep","oct","nov","dec")&IF(INDEX(Evenimente!$A$2:$A$16203,MATCH($F$2+193-0.000001,Evenimente!$A$2:$A$16203,1)+1)<$F$2+193+1," "&INDEX(Evenimente!$B$2:$B$16203,MATCH($F$2+193-0.000001,Evenimente!$A$2:$A$16203,1)+1)&IF(INDEX(Evenimente!$A$2:$A$16203,MATCH($F$2+193-0.000001,Evenimente!$A$2:$A$16203,1)+2)<$F$2+193+1," "&INDEX(Evenimente!$B$2:$B$16203,MATCH($F$2+193-0.000001,Evenimente!$A$2:$A$16203,1)+2),""),"") -> 2 iul | F94: =DAY($F$2+194)&" "&CHOOSE(MONTH($F$2+194),"ian","feb","mar","apr","mai","iun","iul","aug","sep","oct","nov","dec")&IF(INDEX(Evenimente!$A$2:$A$16203,MATCH($F$2+194-0.000001,Evenimente!$A$2:$A$16203,1)+1)<$F$2+194+1," "&INDEX(Evenimente!$B$2:$B$16203,MATCH($F$2+194-0.000001,Evenimente!$A$2:$A$16203,1)+1)&IF(INDEX(Evenimente!$A$2:$A$16203,MATCH($F$2+194-0.000001,Evenimente!$A$2:$A$16203,1)+2)<$F$2+194+1," "&INDEX(Evenimente!$B$2:$B$16203,MATCH($F$2+194-0.000001,Evenimente!$A$2:$A$16203,1)+2),""),"") -> 3 iul | G94: =DAY($F$2+195)&" "&CHOOSE(MONTH($F$2+195),"ian","feb","mar","apr","mai","iun","iul","aug","sep","oct","nov","dec")&IF(INDEX(Evenimente!$A$2:$A$16203,MATCH($F$2+195-0.000001,Evenimente!$A$2:$A$16203,1)+1)<$F$2+195+1," "&INDEX(Evenimente!$B$2:$B$16203,MATCH($F$2+195-0.000001,Evenimente!$A$2:$A$16203,1)+1)&IF(INDEX(Evenimente!$A$2:$A$16203,MATCH($F$2+195-0.000001,Evenimente!$A$2:$A$16203,1)+2)<$F$2+195+1," "&INDEX(Evenimente!$B$2:$B$16203,MATCH($F$2+195-0.000001,Evenimente!$A$2:$A$16203,1)+2),""),"") -> 4 iul
A95: ● lună nouă ◐ primul pătrar ○ lună plină ◑ ultimul pătrar ☀ solstițiu / echinocțiu ⊗ eclipsă posibilă (fenomenele sunt în UTC)
A96: ="Luna 8 · "&'Nume sanscrită'!F12&" · "&'Nume sanscrită'!E12&" मास" -> Luna 8 · Aṣṭama māsa · अष्टम मास
A97: ='Nume EN-FR'!B12&" · "&'Nume EN-FR'!C12 -> Eighth month · Huitième mois
A98: ="ER "&$B$3&" ("&$D$3&") · AE "&TEXT($C$3,"0000")&" | gregorian: "&TEXT(DAY($F$2+196),"00")&"."&TEXT(MONTH($F$2+196),"00")&"."&YEAR($F$2+196)&" – "&TEXT(DAY($F$2+223),"00")&"."&TEXT(MONTH($F$2+223),"00")&"."&YEAR($F$2+223) -> ER 12 (Mīna · Pisces · Poissons) · AE 1734 | gregorian: 05.07.2026 – 01.08.2026
A99: ='Nume sanscrită'!B21&CHAR(10)&IF($G$3="Numerice",'Nume sanscrită'!G21,'Nume sanscrită'!C21)&CHAR(10)&IF($G$3="Numerice",'Nume EN-FR'!E21&" / "&'Nume EN-FR'!F21,'Nume EN-FR'!C21&" / "&'Nume EN-FR'!D21) -> Luni Somavāra Monday / lundi | B99: ='Nume sanscrită'!B22&CHAR(10)&IF($G$3="Numerice",'Nume sanscrită'!G22,'Nume sanscrită'!C22)&CHAR(10)&IF($G$3="Numerice",'Nume EN-FR'!E22&" / "&'Nume EN-FR'!F22,'Nume EN-FR'!C22&" / "&'Nume EN-FR'!D22) -> Marți Maṅgalavāra Tuesday / mardi | C99: ='Nume sanscrită'!B23&CHAR(10)&IF($G$3="Numerice",'Nume sanscrită'!G23,'Nume sanscrită'!C23)&CHAR(10)&IF($G$3="Numerice",'Nume EN-FR'!E23&" / "&'Nume EN-FR'!F23,'Nume EN-FR'!C23&" / "&'Nume EN-FR'!D23) -> Miercuri Budhavāra Wednesday / mercredi | D99: ='Nume sanscrită'!B24&CHAR(10)&IF($G$3="Numerice",'Nume sanscrită'!G24,'Nume sanscrită'!C24)&CHAR(10)&IF($G$3="Numerice",'Nume EN-FR'!E24&" / "&'Nume EN-FR'!F24,'Nume EN-FR'!C24&" / "&'Nume EN-FR'!D24) -> Joi Guruvāra Thursday / jeudi | E99: ='Nume sanscrită'!B25&CHAR(10)&IF($G$3="Numerice",'Nume sanscrită'!G25,'Nume sanscrită'!C25)&CHAR(10)&IF($G$3="Numerice",'Nume EN-FR'!E25&" / "&'Nume EN-FR'!F25,'Nume EN-FR'!C25&" / "&'Nume EN-FR'!D25) -> Vineri Śukravāra Friday / vendredi | F99: ='Nume sanscrită'!B26&CHAR(10)&IF($G$3="Numerice",'Nume sanscrită'!G26,'Nume sanscrită'!C26)&CHAR(10)&IF($G$3="Numerice",'Nume EN-FR'!E26&" / "&'Nume EN-FR'!F26,'Nume EN-FR'!C26&" / "&'Nume EN-FR'!D26) -> Sâmbătă Śanivāra Saturday / samedi | G99: ='Nume sanscrită'!B27&CHAR(10)&IF($G$3="Numerice",'Nume sanscrită'!G27,'Nume sanscrită'!C27)&CHAR(10)&IF($G$3="Numerice",'Nume EN-FR'!E27&" / "&'Nume EN-FR'!F27,'Nume EN-FR'!C27&" / "&'Nume EN-FR'!D27) -> Duminică Ravivāra Sunday / dimanche
A100: 1 | B100: 2 | C100: 3 | D100: 4 | E100: 5 | F100: 6 | G100: 7
...

Sheet Timp complet
A1: Timp complet (sistemul precesional uman): ER-AE-CS-AS.ZA-CL-LC-ZN HN:MN:SN:SS
A2: Completați doar celulele galbene (text albastru). Data și ora de intrare sunt UTC; parametrii sunt la sfârșitul foii.
A4: 1. Data și ora UTC → timpul nou complet
B5: Data UTC | C5: Ora (0-23) | D5: Minutul (0-59) | E5: Secunda (0-59)
A6: Momentul UTC - de introdus | B6: 46294 | C6: 15 | D6: 30 | E6: 45
B7: Longitudine (°, +E / -V) | C7: Mod timp
A8: Locul - de introdus | B8: 26.1 | C8: Fus
A9: Fus nou (ore noi) | B9: =INT(B8/$B$66+0.5) -> 3
A10: Decalaj față de UTC (secunde SI) | B10: =IF(C8="Solar",ROUND(B8*$B$65/$B$66,0),B9*$B$65) -> 7200
A11: Ora locală: ziua (număr de serie) și secunda din zi | B11: =INT((B6*86400+C6*3600+D6*60+E6+B10)/86400) -> 46294 | C11: =MOD(B6*86400+C6*3600+D6*60+E6+B10,86400) -> 63045
A12: Anul nou estimat | B12: =INT((B11-$B$45)/$B$49)+1 -> 15
A13: Numărul anului nou k (contor intern; k = 1 începe la 22.12.2011) | B13: =B12+IF(B11>=($B$45+$B$46*(B12)+INT((B12)/$B$47)-INT((B12)/$B$48)),1,IF(B11<($B$45+$B$46*(B12-1)+INT((B12-1)/$B$47)-INT((B12-1)/$B$48)),-1,0)) -> 15
A14: Ziua din an N (1-366) | B14: =B11-($B$45+$B$46*(B13-1)+INT((B13-1)/$B$47)-INT((B13-1)/$B$48))+1 -> 283
A15: Poziția în ciclul de precesie p (0-25771) | B15: =MOD(B13-('Timp complet'!$B$52-YEAR('Timp complet'!$B$45)),'Timp complet'!$B$50) -> 25357
A16: Luna nouă care marchează ziua lunară 1 (UTC) | B16: =LOOKUP(B11+1-B10/86400-0.000000001,'Luni noi'!$A$2:$A$3741) -> 46276.144
B18: ER | C18: AE | D18: CS | E18: AS | F18: ZA | G18: Era (sanscrită · engleză · franceză)
A19: Câmpuri solare | B19: =ROUNDUP('Timp complet'!$B$51*(B15+1)/'Timp complet'!$B$50,0) -> 12 | C19: =B15-INT((B19-1)*'Timp complet'!$B$50/'Timp complet'!$B$51)+1 -> 1734 | D19: =INDEX(Evenimente!$G$2:$G$1213,MATCH(((B11+1)*86400-B10)/86400,Evenimente!$F$2:$F$1213,1)) -> 4 | E19: =MIN('Timp complet'!$B$54,INT((B14-1)/'Timp complet'!$B$53)+1) -> 57 | F19: =B14-'Timp complet'!$B$53*(E19-1) -> 3 | G19: =INDEX(Ere!$B$5:$B$16,B19) & " · " & INDEX(Ere!$C$5:$C$16,B19) & " · " & INDEX(Ere!$D$5:$D$16,B19) -> Mīna · Pisces · Poissons
B20: CL (ziua lunară) | C20: LC (luna) | D20: ZN (ziua lunii) | E20: Ziua săptămânii | F20: Ziua săptămânii (sanscrită)
A21: Calendar de 13 luni și luna | B21: =B11-INT(B16+B10/86400)+1 -> 19 | C21: =IF(B14<=$B$60,INT((B14-1)/$B$58)+1,0) -> 11 | D21: =IF(B14<=$B$60,MOD(B14-1,$B$58)+1,B14-$B$60) -> 3 | E21: =IF(C21=0,IF(D21=1,"Ziua anului","Ziua bisectă"),INDEX('Nume sanscrită'!$B$21:$B$27,MOD(D21-1,7)+1)) -> Miercuri | F21: =IF(C21=0,IF(D21=1,'Nume sanscrită'!$B$31,'Nume sanscrită'!$B$32),INDEX('Nume sanscrită'!$C$21:$C$27,MOD(D21-1,7)+1)) -> Budhavāra
B22: HN (0-35) | C22: MN (0-9) | D22: SN (0-9) | E22: SS (0-23)
A23: Timpul nou | B23: =INT(C11/$B$65) -> 26 | C23: =INT(MOD(C11,$B$65)/$B$64) -> 2 | D23: =INT(MOD(C11,$B$64)/$B$61) -> 6 | E23: =MOD(C11,$B$61) -> 21
A24: Timpul nou complet | B24: =B19&"-"&TEXT(C19,"0000")&"-"&D19&"-"&TEXT(E19,"00")&"."&F19&"-"&TEXT(B21,"00")&"-"&TEXT(C21,"00")&"-"&TEXT(D21,"00")&" "&TEXT(B23,"00")&":"&TEXT(C23,"00")&":"&TEXT(D23,"00")&":"&TEXT(E23,"00")&" "&IF(C8="Solar","L"&IF(B8>=0,"+","-")&INT(ROUND(ABS(B8)*10,0)/10)&"."&MOD(ROUND(ABS(B8)*10,0),10),"F"&IF(B9>=0,"+","-")&TEXT(ABS(B9),"00")) -> 12-1734-4-57.3-19-11-03 26:02:06:21 F+03
A27: 2. Timpul nou complet → data și ora UTC
B28: ER (1-12) | C28: AE (1-2148) | D28: LC (0-13) | E28: ZN (1-28) | F28: Ciclu (0 = curent)
A29: Câmpurile solare (ER, AE, LC, ZN) și ciclul - de introdus | B29: 12 | C29: 1734 | D29: 11 | E29: 3 | F29: 0
B30: HN (0-35) | C30: MN (0-9) | D30: SN (0-9) | E30: SS (0-23) | F30: Longitudine (°, +E / -V) | G30: Mod timp
A31: Timpul nou și locul - de introdus | B31: 26 | C31: 2 | D31: 6 | E31: 21 | F31: 26.1 | G31: Fus
A32: Fus nou (ore noi) | B32: =INT(F31/$B$66+0.5) -> 3
A33: Decalaj față de UTC (secunde SI) | B33: =IF(G31="Solar",ROUND(F31*$B$65/$B$66,0),B32*$B$65) -> 7200
A34: Numărul anului nou k (contor intern) | B34: ='Timp complet'!$B$52-YEAR('Timp complet'!$B$45)-'Timp complet'!$B$50+INT((B29-1)*'Timp complet'!$B$50/'Timp complet'!$B$51)+C29-1+F29*'Timp complet'!$B$50 -> 15
A35: Ziua din an N | B35: =IF(D29=0,'Timp complet'!$B$60+E29,(D29-1)*'Timp complet'!$B$58+E29) -> 283
A36: An bisect (cu Ziua bisectă)? | B36: =IF(AND(MOD(B34,$B$47)=0,MOD(B34,$B$48)<>0),"Da","Nu") -> Nu
A37: Ziua locală (număr de serie) | B37: =($B$45+$B$46*(B34-1)+INT((B34-1)/$B$47)-INT((B34-1)/$B$48))+B35-1 -> 46294
A38: Secunda din zi (locală) | B38: =B31*$B$65+C31*$B$64+D31*$B$61+E31 -> 63045
A39: Total secunde UTC (ziua × 86400 + secunda - decalaj) | B39: =B37*86400+B38-B33 -> 3999857445
B40: Data UTC | C40: Ora | D40: Minutul | E40: Secunda | F40: Verificare
A41: Momentul UTC | B41: =INT(B39/86400) -> 46294 | C41: =INT(MOD(B39,86400)/3600) -> 15 | D41: =INT(MOD(B39,3600)/60) -> 30 | E41: =MOD(B39,60) -> 45 | F41: =IF(OR(B29<1,B29>'Timp complet'!$B$51,C29<1,C29>INT(B29*'Timp complet'!$B$50/'Timp complet'!$B$51)-INT((B29-1)*'Timp complet'!$B$50/'Timp complet'!$B$51),B31<0,B31>'Timp complet'!$B$67-1,C31<0,C31>'Timp complet'!$B$63-1,D31<0,D31>'Timp complet'!$B$62-1,E31<0,E31>'Timp complet'!$B$61-1,D29<0,D29>'Timp complet'!$B$59,E29<1),"Valori în afara limitelor",IF(AND(D29=0,E29>2),"Pentru LC 00, ZN poate fi 1 sau 2",IF(AND(D29=0,E29=2,B36="Nu"),"An nebisect: nu există Ziua bisectă",IF(AND(D29>0,E29>'Timp complet'!$B$58),"ZN maxim 28","OK")))) -> OK
A44: Parametri și reguli (ipoteze, modificabile)
A45: Ziua 1 a anului nou k = 1 (epoca internă: ziua UTC a solstițiului din decembrie 2011) | B45: 40899
A46: Zile într-un an obișnuit | B46: 365
A47: Un an bisect la fiecare (ani) | B47: 4
A48: Fără zi bisectă la fiecare (ani) - Jubileu | B48: 128
A49: Anul mediu (zile) | B49: =B46+1/B47-1/B48 -> 365.24219
A50: Ani într-un ciclu de precesie | B50: 25772
A51: Numărul de ere într-un ciclu | B51: 12
A52: An-etichetă al lui AE 1 din ER 1 (ancora erelor, din steaua Spica) | B52: 2441
A53: Zile într-un arc solar | B53: 5
A54: Numărul arcelor solare | B54: 73
A55: Ultimul arc din cadranul solar 1 (informativ, neutilizat: CS vine din evenimentele astronomice) | B55: 18
A56: Ultimul arc din cadranul solar 2 (informativ, neutilizat: CS vine din evenimentele astronomice) | B56: 36
A57: Ultimul arc din cadranul solar 3 (informativ, neutilizat: CS vine din evenimentele astronomice) | B57: 55
A58: Zile într-o lună calendaristică | B58: 28
A59: Luni calendaristice într-un an | B59: 13
A60: Zile în cele 13 luni | B60: =B59*B58 -> 364
A61: Subsecunde pe o secundă nouă | B61: 24
A62: Secunde noi pe un minut nou | B62: 10
A63: Minute noi pe o oră nouă | B63: 10
A64: Subsecunde (secunde SI) pe un minut nou | B64: =B61*B62 -> 240
A65: Subsecunde (secunde SI) pe o oră nouă | B65: =B64*B63 -> 2400
A66: Grade de longitudine pe o oră nouă | B66: 10
A67: Ore noi într-o zi | B67: 36
A70: Anul începe în ziua UTC a solstițiului din decembrie; un an nou are 366 de zile dacă k este multiplu de 4 și nu de 128.
A71: Timpul local = UTC + decalaj. Modul Fus: fus întreg de 10° (ore noi întregi). Modul Solar: 1° de longitudine = 1 minut nou = 240 s.
A72: Erele: ER 1-12 și AE se calculează din k (contor intern) cu ancora din rândul 52; detalii în foaia „Ere”. Un cod ER-AE este unic într-un ciclu de 25.772 de ani (parametrul „Ciclu”).

Sheet Ere
A1: Erele precesionale: 12 ere într-un ciclu de precesie de 25.772 de ani
A2: Reper: steaua Spica. ayanāṁśa = longitudinea ecliptică a lui Spica − 180°. Peștii: ayanāṁśa 0°–30° (din ~287 e.n.); ER 1 (Vărsător) începe la 30° (~2440 e.n.), adică cu anul nou 2441. Parametrii (ciclu, număr de ere, ancora) sunt în foaia „Timp complet”, rândurile 50–52.
A3: Cele 12 ere (ciclul curent, care se termină la ancoră)
A4: ER | B4: Sanscrită | C4: Engleză | D4: Franceză | E4: Lungime (ani) | F4: p început | G4: p sfârșit | H4: An început | I4: An sfârșit | J4: Început (text) | K4: Sfârșit (text)
A5: 1 | B5: Kumbha | C5: Aquarius | D5: Verseau | E5: =G5-F5+1 -> 2147 | F5: =INT((A5-1)*'Timp complet'!$B$50/'Timp complet'!$B$51) -> 0 | G5: =INT(A5*'Timp complet'!$B$50/'Timp complet'!$B$51)-1 -> 2146 | H5: ='Timp complet'!$B$52-'Timp complet'!$B$50+F5 -> -23331 | I5: ='Timp complet'!$B$52-'Timp complet'!$B$50+G5 -> -21185 | J5: =IF(H5>=1,H5&" e.n.",(1-H5)&" î.e.n.") -> 23332 î.e.n. | K5: =IF(I5>=1,I5&" e.n.",(1-I5)&" î.e.n.") -> 21186 î.e.n.
A6: 2 | B6: Makara | C6: Capricorn | D6: Capricorne | E6: =G6-F6+1 -> 2148 | F6: =INT((A6-1)*'Timp complet'!$B$50/'Timp complet'!$B$51) -> 2147 | G6: =INT(A6*'Timp complet'!$B$50/'Timp complet'!$B$51)-1 -> 4294 | H6: ='Timp complet'!$B$52-'Timp complet'!$B$50+F6 -> -21184 | I6: ='Timp complet'!$B$52-'Timp complet'!$B$50+G6 -> -19037 | J6: =IF(H6>=1,H6&" e.n.",(1-H6)&" î.e.n.") -> 21185 î.e.n. | K6: =IF(I6>=1,I6&" e.n.",(1-I6)&" î.e.n.") -> 19038 î.e.n.
A7: 3 | B7: Dhanus | C7: Sagittarius | D7: Sagittaire | E7: =G7-F7+1 -> 2148 | F7: =INT((A7-1)*'Timp complet'!$B$50/'Timp complet'!$B$51) -> 4295 | G7: =INT(A7*'Timp complet'!$B$50/'Timp complet'!$B$51)-1 -> 6442 | H7: ='Timp complet'!$B$52-'Timp complet'!$B$50+F7 -> -19036 | I7: ='Timp complet'!$B$52-'Timp complet'!$B$50+G7 -> -16889 | J7: =IF(H7>=1,H7&" e.n.",(1-H7)&" î.e.n.") -> 19037 î.e.n. | K7: =IF(I7>=1,I7&" e.n.",(1-I7)&" î.e.n.") -> 16890 î.e.n.
A8: 4 | B8: Vṛścika | C8: Scorpio | D8: Scorpion | E8: =G8-F8+1 -> 2147 | F8: =INT((A8-1)*'Timp complet'!$B$50/'Timp complet'!$B$51) -> 6443 | G8: =INT(A8*'Timp complet'!$B$50/'Timp complet'!$B$51)-1 -> 8589 | H8: ='Timp complet'!$B$52-'Timp complet'!$B$50+F8 -> -16888 | I8: ='Timp complet'!$B$52-'Timp complet'!$B$50+G8 -> -14742 | J8: =IF(H8>=1,H8&" e.n.",(1-H8)&" î.e.n.") -> 16889 î.e.n. | K8: =IF(I8>=1,I8&" e.n.",(1-I8)&" î.e.n.") -> 14743 î.e.n.
A9: 5 | B9: Tulā | C9: Libra | D9: Balance | E9: =G9-F9+1 -> 2148 | F9: =INT((A9-1)*'Timp complet'!$B$50/'Timp complet'!$B$51) -> 8590 | G9: =INT(A9*'Timp complet'!$B$50/'Timp complet'!$B$51)-1 -> 10737 | H9: ='Timp complet'!$B$52-'Timp complet'!$B$50+F9 -> -14741 | I9: ='Timp complet'!$B$52-'Timp complet'!$B$50+G9 -> -12594 | J9: =IF(H9>=1,H9&" e.n.",(1-H9)&" î.e.n.") -> 14742 î.e.n. | K9: =IF(I9>=1,I9&" e.n.",(1-I9)&" î.e.n.") -> 12595 î.e.n.
A10: 6 | B10: Kanyā | C10: Virgo | D10: Vierge | E10: =G10-F10+1 -> 2148 | F10: =INT((A10-1)*'Timp complet'!$B$50/'Timp complet'!$B$51) -> 10738 | G10: =INT(A10*'Timp complet'!$B$50/'Timp complet'!$B$51)-1 -> 12885 | H10: ='Timp complet'!$B$52-'Timp complet'!$B$50+F10 -> -12593 | I10: ='Timp complet'!$B$52-'Timp complet'!$B$50+G10 -> -10446 | J10: =IF(H10>=1,H10&" e.n.",(1-H10)&" î.e.n.") -> 12594 î.e.n. | K10: =IF(I10>=1,I10&" e.n.",(1-I10)&" î.e.n.") -> 10447 î.e.n.
A11: 7 | B11: Siṃha | C11: Leo | D11: Lion | E11: =G11-F11+1 -> 2147 | F11: =INT((A11-1)*'Timp complet'!$B$50/'Timp complet'!$B$51) -> 12886 | G11: =INT(A11*'Timp complet'!$B$50/'Timp complet'!$B$51)-1 -> 15032 | H11: ='Timp complet'!$B$52-'Timp complet'!$B$50+F11 -> -10445 | I11: ='Timp complet'!$B$52-'Timp complet'!$B$50+G11 -> -8299 | J11: =IF(H11>=1,H11&" e.n.",(1-H11)&" î.e.n.") -> 10446 î.e.n. | K11: =IF(I11>=1,I11&" e.n.",(1-I11)&" î.e.n.") -> 8300 î.e.n.
A12: 8 | B12: Karkaṭa | C12: Cancer | D12: Cancer | E12: =G12-F12+1 -> 2148 | F12: =INT((A12-1)*'Timp complet'!$B$50/'Timp complet'!$B$51) -> 15033 | G12: =INT(A12*'Timp complet'!$B$50/'Timp complet'!$B$51)-1 -> 17180 | H12: ='Timp complet'!$B$52-'Timp complet'!$B$50+F12 -> -8298 | I12: ='Timp complet'!$B$52-'Timp complet'!$B$50+G12 -> -6151 | J12: =IF(H12>=1,H12&" e.n.",(1-H12)&" î.e.n.") -> 8299 î.e.n. | K12: =IF(I12>=1,I12&" e.n.",(1-I12)&" î.e.n.") -> 6152 î.e.n.
A13: 9 | B13: Mithuna | C13: Gemini | D13: Gémeaux | E13: =G13-F13+1 -> 2148 | F13: =INT((A13-1)*'Timp complet'!$B$50/'Timp complet'!$B$51) -> 17181 | G13: =INT(A13*'Timp complet'!$B$50/'Timp complet'!$B$51)-1 -> 19328 | H13: ='Timp complet'!$B$52-'Timp complet'!$B$50+F13 -> -6150 | I13: ='Timp complet'!$B$52-'Timp complet'!$B$50+G13 -> -4003 | J13: =IF(H13>=1,H13&" e.n.",(1-H13)&" î.e.n.") -> 6151 î.e.n. | K13: =IF(I13>=1,I13&" e.n.",(1-I13)&" î.e.n.") -> 4004 î.e.n.
A14: 10 | B14: Vṛṣabha | C14: Taurus | D14: Taureau | E14: =G14-F14+1 -> 2147 | F14: =INT((A14-1)*'Timp complet'!$B$50/'Timp complet'!$B$51) -> 19329 | G14: =INT(A14*'Timp complet'!$B$50/'Timp complet'!$B$51)-1 -> 21475 | H14: ='Timp complet'!$B$52-'Timp complet'!$B$50+F14 -> -4002 | I14: ='Timp complet'!$B$52-'Timp complet'!$B$50+G14 -> -1856 | J14: =IF(H14>=1,H14&" e.n.",(1-H14)&" î.e.n.") -> 4003 î.e.n. | K14: =IF(I14>=1,I14&" e.n.",(1-I14)&" î.e.n.") -> 1857 î.e.n.
A15: 11 | B15: Meṣa | C15: Aries | D15: Bélier | E15: =G15-F15+1 -> 2148 | F15: =INT((A15-1)*'Timp complet'!$B$50/'Timp complet'!$B$51) -> 21476 | G15: =INT(A15*'Timp complet'!$B$50/'Timp complet'!$B$51)-1 -> 23623 | H15: ='Timp complet'!$B$52-'Timp complet'!$B$50+F15 -> -1855 | I15: ='Timp complet'!$B$52-'Timp complet'!$B$50+G15 -> 292 | J15: =IF(H15>=1,H15&" e.n.",(1-H15)&" î.e.n.") -> 1856 î.e.n. | K15: =IF(I15>=1,I15&" e.n.",(1-I15)&" î.e.n.") -> 292 e.n.
A16: 12 | B16: Mīna | C16: Pisces | D16: Poissons | E16: =G16-F16+1 -> 2148 | F16: =INT((A16-1)*'Timp complet'!$B$50/'Timp complet'!$B$51) -> 23624 | G16: =INT(A16*'Timp complet'!$B$50/'Timp complet'!$B$51)-1 -> 25771 | H16: ='Timp complet'!$B$52-'Timp complet'!$B$50+F16 -> 293 | I16: ='Timp complet'!$B$52-'Timp complet'!$B$50+G16 -> 2440 | J16: =IF(H16>=1,H16&" e.n.",(1-H16)&" î.e.n.") -> 293 e.n. | K16: =IF(I16>=1,I16&" e.n.",(1-I16)&" î.e.n.") -> 2440 e.n.
A18: Cele 4 cadrane ale ciclului (câte 3 ere)
A19: Cadran | B19: Ere | C19: Ani
A20: 1 | B20: ER 1–3 | C20: =SUM(E5:E7) -> 6443
A21: 2 | B21: ER 4–6 | C21: =SUM(E8:E10) -> 6443
A22: 3 | B22: ER 7–9 | C22: =SUM(E11:E13) -> 6443
A23: 4 | B23: ER 10–12 | C23: =SUM(E14:E16) -> 6443
A26: Datare istorică: an → ER, AE
B27: An | C27: Epoca
A28: An - de introdus | B28: 785 | C28: î.e.n.
A29: An astronomic (1 î.e.n. = 0; nu există an zero în dată, doar în calcul) | B29: =IF(C28="î.e.n.",1-B28,B28) -> -784
A30: Anul nou k (contor intern) | B30: =B29-YEAR('Timp complet'!$B$45) -> -2795
A31: Poziția în ciclul de precesie p (0-25771) | B31: =MOD(B30-('Timp complet'!$B$52-YEAR('Timp complet'!$B$45)),'Timp complet'!$B$50) -> 22547
B32: ER | C32: AE | D32: Era (sanscrită · engleză · franceză)
A33: Rezultat | B33: =ROUNDUP('Timp complet'!$B$51*(B31+1)/'Timp complet'!$B$50,0) -> 11 | C33: =B31-INT((B33-1)*'Timp complet'!$B$50/'Timp complet'!$B$51)+1 -> 1072 | D33: =INDEX(Ere!$B$5:$B$16,B33) & " · " & INDEX(Ere!$C$5:$C$16,B33) & " · " & INDEX(Ere!$D$5:$D$16,B33) -> Meṣa · Aries · Bélier
A36: Datare istorică: ER, AE → an
B37: ER (1-12) | C37: AE | D37: Ciclu (0 = curent)
A38: ER, AE - de introdus | B38: 11 | C38: 1072 | D38: 0
A39: An astronomic | B39: ='Timp complet'!$B$52-'Timp complet'!$B$50+INT((B38-1)*'Timp complet'!$B$50/'Timp complet'!$B$51)+C38-1+D38*'Timp complet'!$B$50 -> -784
A40: An (text) | B40: =IF(B39>=1,B39&" e.n.",(1-B39)&" î.e.n.") -> 785 î.e.n.
A41: Verificare | B41: =IF(C38>INT(B38*'Timp complet'!$B$50/'Timp complet'!$B$51)-INT((B38-1)*'Timp complet'!$B$50/'Timp complet'!$B$51),"AE în afara limitelor erei","OK") -> OK
A43: Limite: erele au lungimi egale (2147 sau 2148 de ani); precesia reală s-a schimbat în timp, deci modelul diferă de poziția reală a punctului vernal cu ~8 ani la anul 1 e.n., ~17 ani la 785 î.e.n. și ~31 de ani la 1800 î.e.n. Un cod ER-AE este unic într-un ciclu de 25.772 de ani.

Sheet Fusuri noi
A1: Timpul precesional uman — Cele 36 de fusuri noi: benzi de 10° de longitudine, 1 oră nouă = 40 de minute standard
A2: Ora locală = UTC + fus (ore noi). Abaterea maximă față de ora solară medie este ±5 minute noi (±20 minute standard).
A4: Fus nou | B4: Longitudine centrală (°) | C4: Limita vestică (°) | D4: Limita estică (°) | E4: Decalaj față de UTC (ore noi) | F4: Echivalent în ore standard | H4: Localitate (longitudine aproximativă) | I4: Longitudine (°) | J4: Fus nou | K4: Abatere față de ora solară (minute noi)
A5: -18 | B5: =A5*'Timp complet'!$B$66 -> -180 | C5: =B5-'Timp complet'!$B$66/2 -> -185 | D5: =B5+'Timp complet'!$B$66/2 -> -175 | E5: =A5 -> -18 | F5: =IF(A5<0,"-","+")&TEXT(INT(ABS(A5)*'Timp complet'!$B$65/3600),"00")&":"&TEXT(MOD(ABS(A5)*'Timp complet'!$B$65/60,60),"00") -> -12:00 | H5: București | I5: 26.1 | J5: =INT(I5/'Timp complet'!$B$66+0.5) -> 3 | K5: =ROUND(I5-J5*'Timp complet'!$B$66,1) -> -3.9
A6: -17 | B6: =A6*'Timp complet'!$B$66 -> -170 | C6: =B6-'Timp complet'!$B$66/2 -> -175 | D6: =B6+'Timp complet'!$B$66/2 -> -165 | E6: =A6 -> -17 | F6: =IF(A6<0,"-","+")&TEXT(INT(ABS(A6)*'Timp complet'!$B$65/3600),"00")&":"&TEXT(MOD(ABS(A6)*'Timp complet'!$B$65/60,60),"00") -> -11:20 | H6: Londra | I6: -0.1 | J6: =INT(I6/'Timp complet'!$B$66+0.5) -> 0 | K6: =ROUND(I6-J6*'Timp complet'!$B$66,1) -> -0.1
A7: -16 | B7: =A7*'Timp complet'!$B$66 -> -160 | C7: =B7-'Timp complet'!$B$66/2 -> -165 | D7: =B7+'Timp complet'!$B$66/2 -> -155 | E7: =A7 -> -16 | F7: =IF(A7<0,"-","+")&TEXT(INT(ABS(A7)*'Timp complet'!$B$65/3600),"00")&":"&TEXT(MOD(ABS(A7)*'Timp complet'!$B$65/60,60),"00") -> -10:40 | H7: Cairo | I7: 31.2 | J7: =INT(I7/'Timp complet'!$B$66+0.5) -> 3 | K7: =ROUND(I7-J7*'Timp complet'!$B$66,1) -> 1.2
A8: -15 | B8: =A8*'Timp complet'!$B$66 -> -150 | C8: =B8-'Timp complet'!$B$66/2 -> -155 | D8: =B8+'Timp complet'!$B$66/2 -> -145 | E8: =A8 -> -15 | F8: =IF(A8<0,"-","+")&TEXT(INT(ABS(A8)*'Timp complet'!$B$65/3600),"00")&":"&TEXT(MOD(ABS(A8)*'Timp complet'!$B$65/60,60),"00") -> -10:00 | H8: Moscova | I8: 37.6 | J8: =INT(I8/'Timp complet'!$B$66+0.5) -> 4 | K8: =ROUND(I8-J8*'Timp complet'!$B$66,1) -> -2.4
A9: -14 | B9: =A9*'Timp complet'!$B$66 -> -140 | C9: =B9-'Timp complet'!$B$66/2 -> -145 | D9: =B9+'Timp complet'!$B$66/2 -> -135 | E9: =A9 -> -14 | F9: =IF(A9<0,"-","+")&TEXT(INT(ABS(A9)*'Timp complet'!$B$65/3600),"00")&":"&TEXT(MOD(ABS(A9)*'Timp complet'!$B$65/60,60),"00") -> -09:20 | H9: New Delhi | I9: 77.2 | J9: =INT(I9/'Timp complet'!$B$66+0.5) -> 8 | K9: =ROUND(I9-J9*'Timp complet'!$B$66,1) -> -2.8
A10: -13 | B10: =A10*'Timp complet'!$B$66 -> -130 | C10: =B10-'Timp complet'!$B$66/2 -> -135 | D10: =B10+'Timp complet'!$B$66/2 -> -125 | E10: =A10 -> -13 | F10: =IF(A10<0,"-","+")&TEXT(INT(ABS(A10)*'Timp complet'!$B$65/3600),"00")&":"&TEXT(MOD(ABS(A10)*'Timp complet'!$B$65/60,60),"00") -> -08:40 | H10: Beijing | I10: 116.4 | J10: =INT(I10/'Timp complet'!$B$66+0.5) -> 12 | K10: =ROUND(I10-J10*'Timp complet'!$B$66,1) -> -3.6
A11: -12 | B11: =A11*'Timp complet'!$B$66 -> -120 | C11: =B11-'Timp complet'!$B$66/2 -> -125 | D11: =B11+'Timp complet'!$B$66/2 -> -115 | E11: =A11 -> -12 | F11: =IF(A11<0,"-","+")&TEXT(INT(ABS(A11)*'Timp complet'!$B$65/3600),"00")&":"&TEXT(MOD(ABS(A11)*'Timp complet'!$B$65/60,60),"00") -> -08:00 | H11: Tokyo | I11: 139.7 | J11: =INT(I11/'Timp complet'!$B$66+0.5) -> 14 | K11: =ROUND(I11-J11*'Timp complet'!$B$66,1) -> -0.3
A12: -11 | B12: =A12*'Timp complet'!$B$66 -> -110 | C12: =B12-'Timp complet'!$B$66/2 -> -115 | D12: =B12+'Timp complet'!$B$66/2 -> -105 | E12: =A12 -> -11 | F12: =IF(A12<0,"-","+")&TEXT(INT(ABS(A12)*'Timp complet'!$B$65/3600),"00")&":"&TEXT(MOD(ABS(A12)*'Timp complet'!$B$65/60,60),"00") -> -07:20 | H12: Sydney | I12: 151.2 | J12: =INT(I12/'Timp complet'!$B$66+0.5) -> 15 | K12: =ROUND(I12-J12*'Timp complet'!$B$66,1) -> 1.2
A13: -10 | B13: =A13*'Timp complet'!$B$66 -> -100 | C13: =B13-'Timp complet'!$B$66/2 -> -105 | D13: =B13+'Timp complet'!$B$66/2 -> -95 | E13: =A13 -> -10 | F13: =IF(A13<0,"-","+")&TEXT(INT(ABS(A13)*'Timp complet'!$B$65/3600),"00")&":"&TEXT(MOD(ABS(A13)*'Timp complet'!$B$65/60,60),"00") -> -06:40 | H13: São Paulo | I13: -46.6 | J13: =INT(I13/'Timp complet'!$B$66+0.5) -> -5 | K13: =ROUND(I13-J13*'Timp complet'!$B$66,1) -> 3.4
A14: -9 | B14: =A14*'Timp complet'!$B$66 -> -90 | C14: =B14-'Timp complet'!$B$66/2 -> -95 | D14: =B14+'Timp complet'!$B$66/2 -> -85 | E14: =A14 -> -9 | F14: =IF(A14<0,"-","+")&TEXT(INT(ABS(A14)*'Timp complet'!$B$65/3600),"00")&":"&TEXT(MOD(ABS(A14)*'Timp complet'!$B$65/60,60),"00") -> -06:00 | H14: New York | I14: -74 | J14: =INT(I14/'Timp complet'!$B$66+0.5) -> -7 | K14: =ROUND(I14-J14*'Timp complet'!$B$66,1) -> -4
A15: -8 | B15: =A15*'Timp complet'!$B$66 -> -80 | C15: =B15-'Timp complet'!$B$66/2 -> -85 | D15: =B15+'Timp complet'!$B$66/2 -> -75 | E15: =A15 -> -8 | F15: =IF(A15<0,"-","+")&TEXT(INT(ABS(A15)*'Timp complet'!$B$65/3600),"00")&":"&TEXT(MOD(ABS(A15)*'Timp complet'!$B$65/60,60),"00") -> -05:20 | H15: Los Angeles | I15: -118.2 | J15: =INT(I15/'Timp complet'!$B$66+0.5) -> -12 | K15: =ROUND(I15-J15*'Timp complet'!$B$66,1) -> 1.8
A16: -7 | B16: =A16*'Timp complet'!$B$66 -> -70 | C16: =B16-'Timp complet'!$B$66/2 -> -75 | D16: =B16+'Timp complet'!$B$66/2 -> -65 | E16: =A16 -> -7 | F16: =IF(A16<0,"-","+")&TEXT(INT(ABS(A16)*'Timp complet'!$B$65/3600),"00")&":"&TEXT(MOD(ABS(A16)*'Timp complet'!$B$65/60,60),"00") -> -04:40
A17: -6 | B17: =A17*'Timp complet'!$B$66 -> -60 | C17: =B17-'Timp complet'!$B$66/2 -> -65 | D17: =B17+'Timp complet'!$B$66/2 -> -55 | E17: =A17 -> -6 | F17: =IF(A17<0,"-","+")&TEXT(INT(ABS(A17)*'Timp complet'!$B$65/3600),"00")&":"&TEXT(MOD(ABS(A17)*'Timp complet'!$B$65/60,60),"00") -> -04:00
A18: -5 | B18: =A18*'Timp complet'!$B$66 -> -50 | C18: =B18-'Timp complet'!$B$66/2 -> -55 | D18: =B18+'Timp complet'!$B$66/2 -> -45 | E18: =A18 -> -5 | F18: =IF(A18<0,"-","+")&TEXT(INT(ABS(A18)*'Timp complet'!$B$65/3600),"00")&":"&TEXT(MOD(ABS(A18)*'Timp complet'!$B$65/60,60),"00") -> -03:20
A19: -4 | B19: =A19*'Timp complet'!$B$66 -> -40 | C19: =B19-'Timp complet'!$B$66/2 -> -45 | D19: =B19+'Timp complet'!$B$66/2 -> -35 | E19: =A19 -> -4 | F19: =IF(A19<0,"-","+")&TEXT(INT(ABS(A19)*'Timp complet'!$B$65/3600),"00")&":"&TEXT(MOD(ABS(A19)*'Timp complet'!$B$65/60,60),"00") -> -02:40
A20: -3 | B20: =A20*'Timp complet'!$B$66 -> -30 | C20: =B20-'Timp complet'!$B$66/2 -> -35 | D20: =B20+'Timp complet'!$B$66/2 -> -25 | E20: =A20 -> -3 | F20: =IF(A20<0,"-","+")&TEXT(INT(ABS(A20)*'Timp complet'!$B$65/3600),"00")&":"&TEXT(MOD(ABS(A20)*'Timp complet'!$B$65/60,60),"00") -> -02:00
A21: -2 | B21: =A21*'Timp complet'!$B$66 -> -20 | C21: =B21-'Timp complet'!$B$66/2 -> -25 | D21: =B21+'Timp complet'!$B$66/2 -> -15 | E21: =A21 -> -2 | F21: =IF(A21<0,"-","+")&TEXT(INT(ABS(A21)*'Timp complet'!$B$65/3600),"00")&":"&TEXT(MOD(ABS(A21)*'Timp complet'!$B$65/60,60),"00") -> -01:20
A22: -1 | B22: =A22*'Timp complet'!$B$66 -> -10 | C22: =B22-'Timp complet'!$B$66/2 -> -15 | D22: =B22+'Timp complet'!$B$66/2 -> -5 | E22: =A22 -> -1 | F22: =IF(A22<0,"-","+")&TEXT(INT(ABS(A22)*'Timp complet'!$B$65/3600),"00")&":"&TEXT(MOD(ABS(A22)*'Timp complet'!$B$65/60,60),"00") -> -00:40
A23: 0 | B23: =A23*'Timp complet'!$B$66 -> 0 | C23: =B23-'Timp complet'!$B$66/2 -> -5 | D23: =B23+'Timp complet'!$B$66/2 -> 5 | E23: =A23 -> 0 | F23: =IF(A23<0,"-","+")&TEXT(INT(ABS(A23)*'Timp complet'!$B$65/3600),"00")&":"&TEXT(MOD(ABS(A23)*'Timp complet'!$B$65/60,60),"00") -> +00:00
A24: 1 | B24: =A24*'Timp complet'!$B$66 -> 10 | C24: =B24-'Timp complet'!$B$66/2 -> 5 | D24: =B24+'Timp complet'!$B$66/2 -> 15 | E24: =A24 -> 1 | F24: =IF(A24<0,"-","+")&TEXT(INT(ABS(A24)*'Timp complet'!$B$65/3600),"00")&":"&TEXT(MOD(ABS(A24)*'Timp complet'!$B$65/60,60),"00") -> +00:40
A25: 2 | B25: =A25*'Timp complet'!$B$66 -> 20 | C25: =B25-'Timp complet'!$B$66/2 -> 15 | D25: =B25+'Timp complet'!$B$66/2 -> 25 | E25: =A25 -> 2 | F25: =IF(A25<0,"-","+")&TEXT(INT(ABS(A25)*'Timp complet'!$B$65/3600),"00")&":"&TEXT(MOD(ABS(A25)*'Timp complet'!$B$65/60,60),"00") -> +01:20
A26: 3 | B26: =A26*'Timp complet'!$B$66 -> 30 | C26: =B26-'Timp complet'!$B$66/2 -> 25 | D26: =B26+'Timp complet'!$B$66/2 -> 35 | E26: =A26 -> 3 | F26: =IF(A26<0,"-","+")&TEXT(INT(ABS(A26)*'Timp complet'!$B$65/3600),"00")&":"&TEXT(MOD(ABS(A26)*'Timp complet'!$B$65/60,60),"00") -> +02:00
A27: 4 | B27: =A27*'Timp complet'!$B$66 -> 40 | C27: =B27-'Timp complet'!$B$66/2 -> 35 | D27: =B27+'Timp complet'!$B$66/2 -> 45 | E27: =A27 -> 4 | F27: =IF(A27<0,"-","+")&TEXT(INT(ABS(A27)*'Timp complet'!$B$65/3600),"00")&":"&TEXT(MOD(ABS(A27)*'Timp complet'!$B$65/60,60),"00") -> +02:40
... A41: 18 | B41: =A41*'Timp complet'!$B$66 -> 180 | C41: =B41-'Timp complet'!$B$66/2 -> 175 | D41: =B41+'Timp complet'!$B$66/2 -> 185 | E41: =A41 -> 18 | F41: =IF(A41<0,"-","+")&TEXT(INT(ABS(A41)*'Timp complet'!$B$65/3600),"00")&":"&TEXT(MOD(ABS(A41)*'Timp complet'!$B$65/60,60),"00") -> +12:00

Sheet Luni noi
A1: Luna nouă (UTC) | B1: Indice k | D1: Lunile noi astronomice (UTC), 1899-2201, generate cu sistem_timp.py (algoritmul lui Meeus, precizie ~1 minut).
A2: -410.98583 | B2: -1251
A3: -381.51172 | B3: -1250
A4: -352.049 | B4: -1249
A5: -322.60306 | B5: -1248
A6: -293.17176 | B6: -1247
A7: -263.73572 | B7: -1246
A8: -234.26492 | B8: -1245
A9: -204.73589 | B9: -1244
A10: -175.14494 | B10: -1243
A11: -145.50847 | B11: -1242
A12: -115.85211 | B12: -1241
A13: -86.198643 | B13: -1240
... A3741: 110003.86 | B3741: 2488

Sheet Evenimente
A1: Momentul (UTC) | B1: Simbol | C1: Fenomen | D1: Cod | F1: Moment solar (UTC) | G1: Cadran după eveniment (CS) | I1: Fenomene astronomice 1899-2201 (UTC), generate cu sistem_timp.py: solstiții și echinocțiuri (Meeus, cap. 27), pătrarele Lunii (serii Meeus, ~1 minut) și eclipse posibile. ⊗ = eclipsă posibilă.
A2: -358.8601 | B2: ◑ | C2: ultimul pătrar | D2: L270 | F2: -284.17644 | G2: 2
A3: -352.0492 | B3: ●⊗ | C3: lună nouă · eclipsă de Soare posibilă | D3: L0 | F3: -191.34319 | G3: 3
A4: -345.30851 | B4: ◐ | C4: primul pătrar | D4: L90 | F4: -97.729109 | G4: 4
A5: -337.18463 | B5: ○ | C5: lună plină | D5: L180 | F5: -7.9608218 | G5: 1
A6: -329.27468 | B6: ◑ | C6: ultimul pătrar | D6: L270 | F6: 81.068819 | G6: 2
A7: -322.60332 | B7: ● | C7: lună nouă | D7: L0 | F7: 173.90279 | G7: 3
A8: -315.63074 | B8: ◐ | C8: primul pătrar | D8: L90 | F8: 267.51434 | G8: 4
A9: -307.40562 | B9: ○ | C9: lună plină | D9: L180 | F9: 357.27896 | G9: 1
A10: -299.82867 | B10: ◑ | C10: ultimul pătrar | D10: L270 | F10: 446.30823 | G10: 2
A11: -293.17183 | B11: ● | C11: lună nouă | D11: L0 | F11: 539.1444 | G11: 3
A12: -285.85896 | B12: ◐ | C12: primul pătrar | D12: L90 | F12: 632.75612 | G12: 4
A13: -284.17644 | B13: ☀ | C13: echinocțiul din martie | D13: S1 | F13: 722.52562 | G13: 1
... A1213: 7916.148 | B1213: ● | C1213: lună nouă | D1213: L0 | F1213: 110295.35 | G1213: 1
A1214: 7923.1454 | B1214: ◐ | C1214: primul pătrar | D1214: L90
A1215: 7931.3056 | B1215: ○ | C1215: lună plină | D1215: L180
A1216: 7937.5971 | B1216: ☀ | C1216: echinocțiul din septembrie | D1216: S3
A1217: 7938.8872 | B1217: ◑ | C1217: ultimul pătrar | D1217: L270
A1218: 7945.5182 | B1218: ●⊗ | C1218: lună nouă · eclipsă de Soare posibilă | D1218: L0
A1219: 7952.8412 | B1219: ◐ | C1219: primul pătrar | D1219: L90
A1220: 7960.9578 | B1220: ○⊗ | C1220: lună plină · eclipsă de Lună posibilă | D1220: L180
A1221: 7968.1884 | B1221: ◑ | C1221: ultimul pătrar | D1221: L270
A1222: 7974.985 | B1222: ● | C1222: lună nouă | D1222: L0
A1223: 7982.6618 | B1223: ◐ | C1223: primul pătrar | D1223: L90
A1224: 7990.5684 | B1224: ○ | C1224: lună plină | D1224: L180
A1225: 7997.4866 | B1225: ◑ | C1225: ultimul pătrar | D1225: L270
... A16203: 110299.36 | B16203: ● | C16203: lună nouă | D16203: L0

Sheet Nume sanscrită
A1: Denumiri în sanscrită pentru calendarul de 13 luni (transliterare IAST și devanagari)
A3: Numerale 1-13 (lunile se numesc cu ordinalul + māsa = lună)
A4: Nr. | B4: Cardinal (IAST) | C4: Cardinal (देवनागरी) | D4: Ordinal (IAST) | E4: Ordinal (देवनागरी) | F4: Numele lunii
A5: 1 | B5: eka | C5: एक | D5: prathama | E5: प्रथम | F5: =UPPER(LEFT(D5,1))&MID(D5,2,50)&" māsa" -> Prathama māsa
A6: 2 | B6: dvi | C6: द्वि | D6: dvitīya | E6: द्वितीय | F6: =UPPER(LEFT(D6,1))&MID(D6,2,50)&" māsa" -> Dvitīya māsa
A7: 3 | B7: tri | C7: त्रि | D7: tṛtīya | E7: तृतीय | F7: =UPPER(LEFT(D7,1))&MID(D7,2,50)&" māsa" -> Tṛtīya māsa
A8: 4 | B8: catur | C8: चतुर् | D8: caturtha | E8: चतुर्थ | F8: =UPPER(LEFT(D8,1))&MID(D8,2,50)&" māsa" -> Caturtha māsa
A9: 5 | B9: pañca | C9: पञ्च | D9: pañcama | E9: पञ्चम | F9: =UPPER(LEFT(D9,1))&MID(D9,2,50)&" māsa" -> Pañcama māsa
A10: 6 | B10: ṣaṭ | C10: षट् | D10: ṣaṣṭha | E10: षष्ठ | F10: =UPPER(LEFT(D10,1))&MID(D10,2,50)&" māsa" -> Ṣaṣṭha māsa
A11: 7 | B11: sapta | C11: सप्त | D11: saptama | E11: सप्तम | F11: =UPPER(LEFT(D11,1))&MID(D11,2,50)&" māsa" -> Saptama māsa
A12: 8 | B12: aṣṭa | C12: अष्ट | D12: aṣṭama | E12: अष्टम | F12: =UPPER(LEFT(D12,1))&MID(D12,2,50)&" māsa" -> Aṣṭama māsa
A13: 9 | B13: nava | C13: नव | D13: navama | E13: नवम | F13: =UPPER(LEFT(D13,1))&MID(D13,2,50)&" māsa" -> Navama māsa
A14: 10 | B14: daśa | C14: दश | D14: daśama | E14: दशम | F14: =UPPER(LEFT(D14,1))&MID(D14,2,50)&" māsa" -> Daśama māsa
A15: 11 | B15: ekādaśa | C15: एकादश | D15: ekādaśa | E15: एकादश | F15: =UPPER(LEFT(D15,1))&MID(D15,2,50)&" māsa" -> Ekādaśa māsa
A16: 12 | B16: dvādaśa | C16: द्वादश | D16: dvādaśa | E16: द्वादश | F16: =UPPER(LEFT(D16,1))&MID(D16,2,50)&" māsa" -> Dvādaśa māsa
A17: 13 | B17: trayodaśa | C17: त्रयोदश | D17: trayodaśa | E17: त्रयोदश | F17: =UPPER(LEFT(D17,1))&MID(D17,2,50)&" māsa" -> Trayodaśa māsa
A19: Zilele săptămânii (începând cu luni, ca în calendarul nou)
A20: Nr. | B20: Română | C20: Sanscrită (IAST) | D20: Sanscrită (देवनागरी) | E20: Variante | F20: Corp ceresc | G20: Nume numeric (IAST) | H20: Nume numeric (देवनागरी)
A21: 1 | B21: Luni | C21: Somavāra | D21: सोमवार | F21: Luna (Soma) | G21: =UPPER(LEFT(INDEX($D$5:$D$11,A21),1))&MID(INDEX($D$5:$D$11,A21),2,50)&"-dina" -> Prathama-dina | H21: =INDEX($E$5:$E$11,A21)&"दिन" -> प्रथमदिन
A22: 2 | B22: Marți | C22: Maṅgalavāra | D22: मङ्गलवार | E22: Bhaumavāra | F22: Marte (Maṅgala) | G22: =UPPER(LEFT(INDEX($D$5:$D$11,A22),1))&MID(INDEX($D$5:$D$11,A22),2,50)&"-dina" -> Dvitīya-dina | H22: =INDEX($E$5:$E$11,A22)&"दिन" -> द्वितीयदिन
A23: 3 | B23: Miercuri | C23: Budhavāra | D23: बुधवार | F23: Mercur (Budha) | G23: =UPPER(LEFT(INDEX($D$5:$D$11,A23),1))&MID(INDEX($D$5:$D$11,A23),2,50)&"-dina" -> Tṛtīya-dina | H23: =INDEX($E$5:$E$11,A23)&"दिन" -> तृतीयदिन
A24: 4 | B24: Joi | C24: Guruvāra | D24: गुरुवार | E24: Bṛhaspativāra | F24: Jupiter (Guru) | G24: =UPPER(LEFT(INDEX($D$5:$D$11,A24),1))&MID(INDEX($D$5:$D$11,A24),2,50)&"-dina" -> Caturtha-dina | H24: =INDEX($E$5:$E$11,A24)&"दिन" -> चतुर्थदिन
A25: 5 | B25: Vineri | C25: Śukravāra | D25: शुक्रवार | F25: Venus (Śukra) | G25: =UPPER(LEFT(INDEX($D$5:$D$11,A25),1))&MID(INDEX($D$5:$D$11,A25),2,50)&"-dina" -> Pañcama-dina | H25: =INDEX($E$5:$E$11,A25)&"दिन" -> पञ्चमदिन
A26: 6 | B26: Sâmbătă | C26: Śanivāra | D26: शनिवार | F26: Saturn (Śani) | G26: =UPPER(LEFT(INDEX($D$5:$D$11,A26),1))&MID(INDEX($D$5:$D$11,A26),2,50)&"-dina" -> Ṣaṣṭha-dina | H26: =INDEX($E$5:$E$11,A26)&"दिन" -> षष्ठदिन
A27: 7 | B27: Duminică | C27: Ravivāra | D27: रविवार | E27: Bhānuvāra, Ādityavāra | F27: Soarele (Ravi) | G27: =UPPER(LEFT(INDEX($D$5:$D$11,A27),1))&MID(INDEX($D$5:$D$11,A27),2,50)&"-dina" -> Saptama-dina | H27: =INDEX($E$5:$E$11,A27)&"दिन" -> सप्तमदिन
A29: Zile speciale (propuneri de denumire, formate din cuvinte sanscrite obișnuite)
A30: Zi | B30: Sanscrită (IAST) | C30: Sanscrită (देवनागरी) | D30: Sens
A31: Ziua anului | B31: Varṣa-dina | C31: वर्षदिन | D31: ziua anului (varṣa = an, dina = zi)
A32: Ziua bisectă | B32: Adhika-dina | C32: अधिकदिन | D32: ziua în plus (adhika = suplimentar)
A34: Lunile tradiționale lunisolare (pentru comparație)
A35: Nr. | B35: IAST | C35: देवनागरी | D35: Aproximativ în calendarul gregorian
A36: 1 | B36: Caitra | C36: चैत्र | D36: martie-aprilie
A37: 2 | B37: Vaiśākha | C37: वैशाख | D37: aprilie-mai
A38: 3 | B38: Jyeṣṭha | C38: ज्येष्ठ | D38: mai-iunie
A39: 4 | B39: Āṣāḍha | C39: आषाढ | D39: iunie-iulie
A40: 5 | B40: Śrāvaṇa | C40: श्रावण | D40: iulie-august
A41: 6 | B41: Bhādrapada | C41: भाद्रपद | D41: august-septembrie
A42: 7 | B42: Āśvina | C42: आश्विन | D42: septembrie-octombrie
A43: 8 | B43: Kārttika | C43: कार्त्तिक | D43: octombrie-noiembrie
A44: 9 | B44: Mārgaśīrṣa | C44: मार्गशीर्ष | D44: noiembrie-decembrie
A45: 10 | B45: Pauṣa | C45: पौष | D45: decembrie-ianuarie
A46: 11 | B46: Māgha | C46: माघ | D46: ianuarie-februarie
A47: 12 | B47: Phālguna | C47: फाल्गुन | D47: februarie-martie
A48: 13 | B48: Adhika māsa | C48: अधिकमास | D48: lună intercalară, adăugată aproximativ la 2-3 ani
A50: Notă: numele din tabelul de zile speciale sunt propuneri; celelalte sunt denumirile tradiționale.

Sheet Nume EN-FR
A1: Denumiri în engleză și franceză pentru calendarul de 13 luni
A3: Lunile (ordinal)
A4: Nr. | B4: English | C4: Français
A5: 1 | B5: First month | C5: Premier mois
A6: 2 | B6: Second month | C6: Deuxième mois
A7: 3 | B7: Third month | C7: Troisième mois
A8: 4 | B8: Fourth month | C8: Quatrième mois
A9: 5 | B9: Fifth month | C9: Cinquième mois
A10: 6 | B10: Sixth month | C10: Sixième mois
A11: 7 | B11: Seventh month | C11: Septième mois
A12: 8 | B12: Eighth month | C12: Huitième mois
A13: 9 | B13: Ninth month | C13: Neuvième mois
A14: 10 | B14: Tenth month | C14: Dixième mois
A15: 11 | B15: Eleventh month | C15: Onzième mois
A16: 12 | B16: Twelfth month | C16: Douzième mois
A17: 13 | B17: Thirteenth month | C17: Treizième mois
A19: Zilele săptămânii (începând cu luni)
A20: Nr. | B20: Română | C20: English | D20: Français | E20: English (numeric) | F20: Français (numérique)
A21: 1 | B21: Luni | C21: Monday | D21: lundi | E21: Day 1 | F21: Jour 1
A22: 2 | B22: Marți | C22: Tuesday | D22: mardi | E22: Day 2 | F22: Jour 2
A23: 3 | B23: Miercuri | C23: Wednesday | D23: mercredi | E23: Day 3 | F23: Jour 3
A24: 4 | B24: Joi | C24: Thursday | D24: jeudi | E24: Day 4 | F24: Jour 4
A25: 5 | B25: Vineri | C25: Friday | D25: vendredi | E25: Day 5 | F25: Jour 5
A26: 6 | B26: Sâmbătă | C26: Saturday | D26: samedi | E26: Day 6 | F26: Jour 6
A27: 7 | B27: Duminică | C27: Sunday | D27: dimanche | E27: Day 7 | F27: Jour 7
A29: Zile speciale
A30: Zi | B30: English | C30: Français
A31: Ziua anului | B31: Year Day | C31: Jour de l'année
A32: Ziua bisectă | B32: Leap Day | C32: Jour bissextile
A34: Numele tradiționale ale zilelor sunt cele uzuale; varianta numerică (Day 1 … Day 7) este neutră. Foaia „Calendar perete” (celula G3) alege varianta.

Sheet Cadrane
A1: Cadrane: anul, erele, ora de 18 h și ora de 36 h (momentul din imagini este scris sub fiecare cadran)
